clade_name,03-027_R20,04-214_R20,04-217_R20,04-248_R20,04-249_R20,04-250_R20,04-252_R20,04-253_R20,04-254_R20,04-255_R20,04-256_R20,04-257_R20,04-258_R20,04-259_R20,04-261_R20,04-262_R20,04-263_R20,04-264_R20,04-265_R20,04-266_R20,04-268_R20,04-271_R20,04-273_R20,05-492_R20,05-497_R20,05-506_R20,05-507_R20,05-509_R20,05-513_R20,05-514_R20,06-154_R20,06-155_R20,06-156_R20,06-158_R20,06-161_R20,06-162_R20,08-115_R20,08-116_R20,08-121_R20,08-123_R20,08-125_R20,10-264_R20,10-265_R20,10-266_R20,10-267_R20,10-268_R20,10-269_R20,10-270_R20,10-272_R20,10-275_R20,18-094_R20,18-095_R20,18-096_R20,18-097_R20,18-098_R20,20-224_R20,20-225_R20,20-229_R20,21-053_R20,21-054_R20,21-055_R20,29-303_R20,29-310_R20,32-110_R20,32-116_R20,32-117_R20,32-118_R20,32-120_R20,44-040_R20,47-227_R20,47-229_R20,47-256_R20,47-259_R20,47-260_R20,47-261_R20,47-262_R20,47-263_R20,51-079_R20,51-081_R20,CN-001,CN-002,CN003
d__Bacteria,100,100,100,100,100,100,100,100,100,100,100,100,100,100,100,100,100,100,100,100,100,100,100,100,100,100,100,100,100,100,100,100,100,100,100.0002,100,100,100,100,100,100,100,100,100,100,100,100,100,100,100,100,96.4678,100,100,100,100,100,100,100,100,99.9999,100,100,100,100,100,99.9999,100.0001,100,100,100,100,100,100,100,100,100,100,99.9999,0.001,0.001,0.10
d__Bacteria|p__Actinomycetota,100,100,100,100,100,100,100,100,100,100,100,100,100,100,100,100,100,100,100,100,100,100,100,100,100,100,100,100,100,100,100,100,100,99.9651,99.8167,100,100,100,100,100,100,100,100,100,100,100,100,100,100,100,100,96.4678,100,100,99.9287,100,100,100,100,100,99.8863,100,100,100,98.9348,100,98.0152,99.9311,100,100,100,100,100,100,99.9409,100,100,100,99.9145,0.001,0.001,0.10
d__Bacteria|p__Actinomycetota|c__Actinomycetes,100,100,100,100,100,100,100,100,100,100,100,100,100,100,100,100,100,100,100,100,100,100,100,100,100,100,100,100,100,100,100,100,100,99.9651,99.8167,100,100,100,100,100,100,100,100,100,100,100,100,100,100,100,100,96.4678,100,100,99.9287,100,100,100,100,100,99.8863,100,100,100,98.9348,100,97.9482,99.9311,100,100,100,100,100,100,99.9409,100,100,100,99.9145,0.001,0.001,0.10
d__Bacteria|p__Actinomycetota|c__Actinomycetes|o__Actinomycetales,0,0,0,0,0,0,0,0,0,0,0,0,0,0,0,0,0,0,0,0,0,0,0,0,0,0,0,0,0,0,0,0,0,0,0.1393,0.0427,0,0,0,0,0,0,0,0,0,0,0,0,0,0,0,0,0,0,0,0,0,0,0,0,0.074,0,0,0,0.1886,0,0.5257,0.0971,0,0,0,0,0,0,0.29,0,0,0,0.0372,0.001,0.001,0.10
d__Bacteria|p__Actinomycetota|c__Actinomycetes|o__Actinomycetales|f__Actinomycetaceae,0,0,0,0,0,0,0,0,0,0,0,0,0,0,0,0,0,0,0,0,0,0,0,0,0,0,0,0,0,0,0,0,0,0,0.0927,0.0427,0,0,0,0,0,0,0,0,0,0,0,0,0,0,0,0,0,0,0,0,0,0,0,0,0,0,0,0,0.0787,0,0.3694,0.0241,0,0,0,0,0,0,0.0263,0,0,0,0.0372,0.001,0.001,0.10
d__Bacteria|p__Actinomycetota|c__Actinomycetes|o__Actinomycetales|f__Actinomycetaceae|g__Actinomyces,0,0,0,0,0,0,0,0,0,0,0,0,0,0,0,0,0,0,0,0,0,0,0,0,0,0,0,0,0,0,0,0,0,0,0.0254,0,0,0,0,0,0,0,0,0,0,0,0,0,0,0,0,0,0,0,0,0,0,0,0,0,0,0,0,0,0,0,0.0882,0,0,0,0,0,0,0,0,0,0,0,0.0372,0.001,0.001,0.10
d__Bacteria|p__Actinomycetota|c__Actinomycetes|o__Actinomycetales|f__Actinomycetaceae|g__Actinomyces|s__Actinomyces oris_E,0,0,0,0,0,0,0,0,0,0,0,0,0,0,0,0,0,0,0,0,0,0,0,0,0,0,0,0,0,0,0,0,0,0,0,0,0,0,0,0,0,0,0,0,0,0,0,0,0,0,0,0,0,0,0,0,0,0,0,0,0,0,0,0,0,0,0.0882,0,0,0,0,0,0,0,0,0,0,0,0,0.001,0.001,0.10
d__Bacteria|p__Actinomycetota|c__Actinomycetes|o__Actinomycetales|f__Actinomycetaceae|g__Actinomyces|s__Actinomyces oris_E|t__GCF_005696555.1,0,0,0,0,0,0,0,0,0,0,0,0,0,0,0,0,0,0,0,0,0,0,0,0,0,0,0,0,0,0,0,0,0,0,0,0,0,0,0,0,0,0,0,0,0,0,0,0,0,0,0,0,0,0,0,0,0,0,0,0,0,0,0,0,0,0,0.0882,0,0,0,0,0,0,0,0,0,0,0,0,0.001,0.001,0.10
d__Bacteria|p__Actinomycetota|c__Actinomycetes|o__Actinomycetales|f__Actinomycetaceae|g__Actinomyces|s__Actinomyces sp002999235,0,0,0,0,0,0,0,0,0,0,0,0,0,0,0,0,0,0,0,0,0,0,0,0,0,0,0,0,0,0,0,0,0,0,0,0,0,0,0,0,0,0,0,0,0,0,0,0,0,0,0,0,0,0,0,0,0,0,0,0,0,0,0,0,0,0,0,0,0,0,0,0,0,0,0,0,0,0,0.0372,0,0,0
d__Bacteria|p__Actinomycetota|c__Actinomycetes|o__Actinomycetales|f__Actinomycetaceae|g__Actinomyces|s__Actinomyces sp002999235|t__GCF_002999235.1,0,0,0,0,0,0,0,0,0,0,0,0,0,0,0,0,0,0,0,0,0,0,0,0,0,0,0,0,0,0,0,0,0,0,0,0,0,0,0,0,0,0,0,0,0,0,0,0,0,0,0,0,0,0,0,0,0,0,0,0,0,0,0,0,0,0,0,0,0,0,0,0,0,0,0,0,0,0,0.0372,0,0,0
d__Bacteria|p__Actinomycetota|c__Actinomycetes|o__Actinomycetales|f__Actinomycetaceae|g__Actinomyces|s__Actinomyces sp915063485,0,0,0,0,0,0,0,0,0,0,0,0,0,0,0,0,0,0,0,0,0,0,0,0,0,0,0,0,0,0,0,0,0,0,0.0254,0,0,0,0,0,0,0,0,0,0,0,0,0,0,0,0,0,0,0,0,0,0,0,0,0,0,0,0,0,0,0,0,0,0,0,0,0,0,0,0,0,0,0,0,0,0,0
d__Bacteria|p__Actinomycetota|c__Actinomycetes|o__Actinomycetales|f__Actinomycetaceae|g__Actinomyces|s__Actinomyces sp915063485|t__GCA_915063485.1,0,0,0,0,0,0,0,0,0,0,0,0,0,0,0,0,0,0,0,0,0,0,0,0,0,0,0,0,0,0,0,0,0,0,0.0254,0,0,0,0,0,0,0,0,0,0,0,0,0,0,0,0,0,0,0,0,0,0,0,0,0,0,0,0,0,0,0,0,0,0,0,0,0,0,0,0,0,0,0,0,0,0,0
d__Bacteria|p__Actinomycetota|c__Actinomycetes|o__Actinomycetales|f__Actinomycetaceae|g__Pauljensenia,0,0,0,0,0,0,0,0,0,0,0,0,0,0,0,0,0,0,0,0,0,0,0,0,0,0,0,0,0,0,0,0,0,0,0.0673,0.0427,0,0,0,0,0,0,0,0,0,0,0,0,0,0,0,0,0,0,0,0,0,0,0,0,0,0,0,0,0.0787,0,0.2812,0.0241,0,0,0,0,0,0,0.0263,0,0,0,0,,0,0,0
d__Bacteria|p__Actinomycetota|c__Actinomycetes|o__Actinomycetales|f__Actinomycetaceae|g__Pauljensenia|s__Pauljensenia sp000466265,0,0,0,0,0,0,0,0,0,0,0,0,0,0,0,0,0,0,0,0,0,0,0,0,0,0,0,0,0,0,0,0,0,0,0,0,0,0,0,0,0,0,0,0,0,0,0,0,0,0,0,0,0,0,0,0,0,0,0,0,0,0,0,0,0,0,0.1799,0,0,0,0,0,0,0,0,0,0,0,0,,0,0,0
d__Bacteria|p__Actinomycetota|c__Actinomycetes|o__Actinomycetales|f__Actinomycetaceae|g__Pauljensenia|s__Pauljensenia sp000466265|t__GCF_030644365.1,0,0,0,0,0,0,0,0,0,0,0,0,0,0,0,0,0,0,0,0,0,0,0,0,0,0,0,0,0,0,0,0,0,0,0,0,0,0,0,0,0,0,0,0,0,0,0,0,0,0,0,0,0,0,0,0,0,0,0,0,0,0,0,0,0,0,0.1799,0,0,0,0,0,0,0,0,0,0,0,0,0,0,0
d__Bacteria|p__Actinomycetota|c__Actinomycetes|o__Actinomycetales|f__Actinomycetaceae|g__Pauljensenia|s__Pauljensenia sp001838165,0,0,0,0,0,0,0,0,0,0,0,0,0,0,0,0,0,0,0,0,0,0,0,0,0,0,0,0,0,0,0,0,0,0,0,0.0427,0,0,0,0,0,0,0,0,0,0,0,0,0,0,0,0,0,0,0,0,0,0,0,0,0,0,0,0,0,0,0,0,0,0,0,0,0,0,0,0,0,0,0,0,0,0
d__Bacteria|p__Actinomycetota|c__Actinomycetes|o__Actinomycetales|f__Actinomycetaceae|g__Pauljensenia|s__Pauljensenia sp001838165|t__GCF_001838165.1,0,0,0,0,0,0,0,0,0,0,0,0,0,0,0,0,0,0,0,0,0,0,0,0,0,0,0,0,0,0,0,0,0,0,0,0.0427,0,0,0,0,0,0,0,0,0,0,0,0,0,0,0,0,0,0,0,0,0,0,0,0,0,0,0,0,0,0,0,0,0,0,0,0,0,0,0,0,0,0,0,0,0,0
d__Bacteria|p__Actinomycetota|c__Actinomycetes|o__Actinomycetales|f__Actinomycetaceae|g__Pauljensenia|s__Pauljensenia sp018382595,0,0,0,0,0,0,0,0,0,0,0,0,0,0,0,0,0,0,0,0,0,0,0,0,0,0,0,0,0,0,0,0,0,0,0.0226,0,0,0,0,0,0,0,0,0,0,0,0,0,0,0,0,0,0,0,0,0,0,0,0,0,0,0,0,0,0,0,0,0,0,0,0,0,0,0,0.0263,0,0,0,0,0,0,0
d__Bacteria|p__Actinomycetota|c__Actinomycetes|o__Actinomycetales|f__Actinomycetaceae|g__Pauljensenia|s__Pauljensenia sp018382595|t__GCF_019429565.1,0,0,0,0,0,0,0,0,0,0,0,0,0,0,0,0,0,0,0,0,0,0,0,0,0,0,0,0,0,0,0,0,0,0,0.0226,0,0,0,0,0,0,0,0,0,0,0,0,0,0,0,0,0,0,0,0,0,0,0,0,0,0,0,0,0,0,0,0,0,0,0,0,0,0,0,0.0263,0,0,0,0,0,0,0
d__Bacteria|p__Actinomycetota|c__Actinomycetes|o__Actinomycetales|f__Actinomycetaceae|g__Pauljensenia|s__Pauljensenia sp902373545,0,0,0,0,0,0,0,0,0,0,0,0,0,0,0,0,0,0,0,0,0,0,0,0,0,0,0,0,0,0,0,0,0,0,0.0447,0,0,0,0,0,0,0,0,0,0,0,0,0,0,0,0,0,0,0,0,0,0,0,0,0,0,0,0,0,0,0,0,0,0,0,0,0,0,0,0,0,0,0,0,0,0,0
d__Bacteria|p__Actinomycetota|c__Actinomycetes|o__Actinomycetales|f__Actinomycetaceae|g__Pauljensenia|s__Pauljensenia sp902373545|t__GCF_902373545.1,0,0,0,0,0,0,0,0,0,0,0,0,0,0,0,0,0,0,0,0,0,0,0,0,0,0,0,0,0,0,0,0,0,0,0.0447,0,0,0,0,0,0,0,0,0,0,0,0,0,0,0,0,0,0,0,0,0,0,0,0,0,0,0,0,0,0,0,0,0,0,0,0,0,0,0,0,0,0,0,0,0,0,0
d__Bacteria|p__Actinomycetota|c__Actinomycetes|o__Actinomycetales|f__Actinomycetaceae|g__Pauljensenia|s__Pauljensenia sp905370305,0,0,0,0,0,0,0,0,0,0,0,0,0,0,0,0,0,0,0,0,0,0,0,0,0,0,0,0,0,0,0,0,0,0,0,0,0,0,0,0,0,0,0,0,0,0,0,0,0,0,0,0,0,0,0,0,0,0,0,0,0,0,0,0,0.0787,0,0,0,0,0,0,0,0,0,0,0,0,0,0,0,0,0
d__Bacteria|p__Actinomycetota|c__Actinomycetes|o__Actinomycetales|f__Actinomycetaceae|g__Pauljensenia|s__Pauljensenia sp905370305|t__GCF_905370305.1,0,0,0,0,0,0,0,0,0,0,0,0,0,0,0,0,0,0,0,0,0,0,0,0,0,0,0,0,0,0,0,0,0,0,0,0,0,0,0,0,0,0,0,0,0,0,0,0,0,0,0,0,0,0,0,0,0,0,0,0,0,0,0,0,0.0787,0,0,0,0,0,0,0,0,0,0,0,0,0,0,0,0,0
d__Bacteria|p__Actinomycetota|c__Actinomycetes|o__Actinomycetales|f__Actinomycetaceae|g__Pauljensenia|s__Pauljensenia sp958349165,0,0,0,0,0,0,0,0,0,0,0,0,0,0,0,0,0,0,0,0,0,0,0,0,0,0,0,0,0,0,0,0,0,0,0,0,0,0,0,0,0,0,0,0,0,0,0,0,0,0,0,0,0,0,0,0,0,0,0,0,0,0,0,0,0,0,0.1013,0,0,0,0,0,0,0,0,0,0,0,0,0,0,0
d__Bacteria|p__Actinomycetota|c__Actinomycetes|o__Actinomycetales|f__Actinomycetaceae|g__Pauljensenia|s__Pauljensenia sp958349165|t__GCA_958349165.1,0,0,0,0,0,0,0,0,0,0,0,0,0,0,0,0,0,0,0,0,0,0,0,0,0,0,0,0,0,0,0,0,0,0,0,0,0,0,0,0,0,0,0,0,0,0,0,0,0,0,0,0,0,0,0,0,0,0,0,0,0,0,0,0,0,0,0.1013,0,0,0,0,0,0,0,0,0,0,0,0,0,0,0
d__Bacteria|p__Actinomycetota|c__Actinomycetes|o__Actinomycetales|f__Actinomycetaceae|g__Pauljensenia|s__Pauljensenia variabilis,0,0,0,0,0,0,0,0,0,0,0,0,0,0,0,0,0,0,0,0,0,0,0,0,0,0,0,0,0,0,0,0,0,0,0,0,0,0,0,0,0,0,0,0,0,0,0,0,0,0,0,0,0,0,0,0,0,0,0,0,0,0,0,0,0,0,0,0.0241,0,0,0,0,0,0,0,0,0,0,0,0,0,0
d__Bacteria|p__Actinomycetota|c__Actinomycetes|o__Actinomycetales|f__Actinomycetaceae|g__Pauljensenia|s__Pauljensenia variabilis|t__GCF_000411415.1,0,0,0,0,0,0,0,0,0,0,0,0,0,0,0,0,0,0,0,0,0,0,0,0,0,0,0,0,0,0,0,0,0,0,0,0,0,0,0,0,0,0,0,0,0,0,0,0,0,0,0,0,0,0,0,0,0,0,0,0,0,0,0,0,0,0,0,0.0241,0,0,0,0,0,0,0,0,0,0,0,0,0,0
d__Bacteria|p__Actinomycetota|c__Actinomycetes|o__Actinomycetales|f__Bifidobacteriaceae,0,0,0,0,0,0,0,0,0,0,0,0,0,0,0,0,0,0,0,0,0,0,0,0,0,0,0,0,0,0,0,0,0,0,0,0,0,0,0,0,0,0,0,0,0,0,0,0,0,0,0,0,0,0,0,0,0,0,0,0,0,0,0,0,0,0,0,0,0,0,0,0,0,0,0.2637,0,0,0,0,0,0,0
d__Bacteria|p__Actinomycetota|c__Actinomycetes|o__Actinomycetales|f__Bifidobacteriaceae|g__Alloscardovia,0,0,0,0,0,0,0,0,0,0,0,0,0,0,0,0,0,0,0,0,0,0,0,0,0,0,0,0,0,0,0,0,0,0,0,0,0,0,0,0,0,0,0,0,0,0,0,0,0,0,0,0,0,0,0,0,0,0,0,0,0,0,0,0,0,0,0,0,0,0,0,0,0,0,0.0506,0,0,0,0,0,0,0
d__Bacteria|p__Actinomycetota|c__Actinomycetes|o__Actinomycetales|f__Bifidobacteriaceae|g__Alloscardovia|s__Alloscardovia omnicolens,0,0,0,0,0,0,0,0,0,0,0,0,0,0,0,0,0,0,0,0,0,0,0,0,0,0,0,0,0,0,0,0,0,0,0,0,0,0,0,0,0,0,0,0,0,0,0,0,0,0,0,0,0,0,0,0,0,0,0,0,0,0,0,0,0,0,0,0,0,0,0,0,0,0,0.0506,0,0,0,0,0,0,0
d__Bacteria|p__Actinomycetota|c__Actinomycetes|o__Actinomycetales|f__Bifidobacteriaceae|g__Alloscardovia|s__Alloscardovia omnicolens|t__GCF_000420505.1,0,0,0,0,0,0,0,0,0,0,0,0,0,0,0,0,0,0,0,0,0,0,0,0,0,0,0,0,0,0,0,0,0,0,0,0,0,0,0,0,0,0,0,0,0,0,0,0,0,0,0,0,0,0,0,0,0,0,0,0,0,0,0,0,0,0,0,0,0,0,0,0,0,0,0.0506,0,0,0,0,0,0,0
d__Bacteria|p__Actinomycetota|c__Actinomycetes|o__Actinomycetales|f__Bifidobacteriaceae|g__Bifidobacterium,0,0,0,0,0,0,0,0,0,0,0,0,0,0,0,0,0,0,0,0,0,0,0,0,0,0,0,0,0,0,0,0,0,0,0,0,0,0,0,0,0,0,0,0,0,0,0,0,0,0,0,0,0,0,0,0,0,0,0,0,0,0,0,0,0,0,0,0,0,0,0,0,0,0,0.2131,0,0,0,0,0,0,0
d__Bacteria|p__Actinomycetota|c__Actinomycetes|o__Actinomycetales|f__Bifidobacteriaceae|g__Bifidobacterium|s__Bifidobacterium longum,0,0,0,0,0,0,0,0,0,0,0,0,0,0,0,0,0,0,0,0,0,0,0,0,0,0,0,0,0,0,0,0,0,0,0,0,0,0,0,0,0,0,0,0,0,0,0,0,0,0,0,0,0,0,0,0,0,0,0,0,0,0,0,0,0,0,0,0,0,0,0,0,0,0,0.1032,0,0,0,0,0,0,0
d__Bacteria|p__Actinomycetota|c__Actinomycetes|o__Actinomycetales|f__Bifidobacteriaceae|g__Bifidobacterium|s__Bifidobacterium longum|t__GCF_000196555.1,0,0,0,0,0,0,0,0,0,0,0,0,0,0,0,0,0,0,0,0,0,0,0,0,0,0,0,0,0,0,0,0,0,0,0,0,0,0,0,0,0,0,0,0,0,0,0,0,0,0,0,0,0,0,0,0,0,0,0,0,0,0,0,0,0,0,0,0,0,0,0,0,0,0,0.1032,0,0,0,0,0,0,0
d__Bacteria|p__Actinomycetota|c__Actinomycetes|o__Actinomycetales|f__Bifidobacteriaceae|g__Bifidobacterium|s__Bifidobacterium scardovii,0,0,0,0,0,0,0,0,0,0,0,0,0,0,0,0,0,0,0,0,0,0,0,0,0,0,0,0,0,0,0,0,0,0,0,0,0,0,0,0,0,0,0,0,0,0,0,0,0,0,0,0,0,0,0,0,0,0,0,0,0,0,0,0,0,0,0,0,0,0,0,0,0,0,0.1099,0,0,0,0,0,0,0
d__Bacteria|p__Actinomycetota|c__Actinomycetes|o__Actinomycetales|f__Bifidobacteriaceae|g__Bifidobacterium|s__Bifidobacterium scardovii|t__GCF_001042635.1,0,0,0,0,0,0,0,0,0,0,0,0,0,0,0,0,0,0,0,0,0,0,0,0,0,0,0,0,0,0,0,0,0,0,0,0,0,0,0,0,0,0,0,0,0,0,0,0,0,0,0,0,0,0,0,0,0,0,0,0,0,0,0,0,0,0,0,0,0,0,0,0,0,0,0.1099,0,0,0,0,0,0,0
d__Bacteria|p__Actinomycetota|c__Actinomycetes|o__Actinomycetales|f__Micrococcaceae,0,0,0,0,0,0,0,0,0,0,0,0,0,0,0,0,0,0,0,0,0,0,0,0,0,0,0,0,0,0,0,0,0,0,0.0466,0,0,0,0,0,0,0,0,0,0,0,0,0,0,0,0,0,0,0,0,0,0,0,0,0,0.074,0,0,0,0.1099,0,0.1563,0.073,0,0,0,0,0,0,0,0,0,0,0,0,0,0
d__Bacteria|p__Actinomycetota|c__Actinomycetes|o__Actinomycetales|f__Micrococcaceae|g__Rothia,0,0,0,0,0,0,0,0,0,0,0,0,0,0,0,0,0,0,0,0,0,0,0,0,0,0,0,0,0,0,0,0,0,0,0.0466,0,0,0,0,0,0,0,0,0,0,0,0,0,0,0,0,0,0,0,0,0,0,0,0,0,0.074,0,0,0,0.1099,0,0.1563,0.073,0,0,0,0,0,0,0,0,0,0,0,0,0,0
d__Bacteria|p__Actinomycetota|c__Actinomycetes|o__Actinomycetales|f__Micrococcaceae|g__Rothia|s__Rothia mucilaginosa,0,0,0,0,0,0,0,0,0,0,0,0,0,0,0,0,0,0,0,0,0,0,0,0,0,0,0,0,0,0,0,0,0,0,0.0466,0,0,0,0,0,0,0,0,0,0,0,0,0,0,0,0,0,0,0,0,0,0,0,0,0,0,0,0,0,0.0505,0,0,0,0,0,0,0,0,0,0,0,0,0,0,0,0,0
d__Bacteria|p__Actinomycetota|c__Actinomycetes|o__Actinomycetales|f__Micrococcaceae|g__Rothia|s__Rothia mucilaginosa_A,0,0,0,0,0,0,0,0,0,0,0,0,0,0,0,0,0,0,0,0,0,0,0,0,0,0,0,0,0,0,0,0,0,0,0,0,0,0,0,0,0,0,0,0,0,0,0,0,0,0,0,0,0,0,0,0,0,0,0,0,0,0,0,0,0,0,0,0.073,0,0,0,0,0,0,0,0,0,0,0,0,0,0
d__Bacteria|p__Actinomycetota|c__Actinomycetes|o__Actinomycetales|f__Micrococcaceae|g__Rothia|s__Rothia mucilaginosa_A|t__GCF_001061665.1,0,0,0,0,0,0,0,0,0,0,0,0,0,0,0,0,0,0,0,0,0,0,0,0,0,0,0,0,0,0,0,0,0,0,0,0,0,0,0,0,0,0,0,0,0,0,0,0,0,0,0,0,0,0,0,0,0,0,0,0,0,0,0,0,0,0,0,0.073,0,0,0,0,0,0,0,0,0,0,0,0,0,0
d__Bacteria|p__Actinomycetota|c__Actinomycetes|o__Actinomycetales|f__Micrococcaceae|g__Rothia|s__Rothia mucilaginosa_C,0,0,0,0,0,0,0,0,0,0,0,0,0,0,0,0,0,0,0,0,0,0,0,0,0,0,0,0,0,0,0,0,0,0,0,0,0,0,0,0,0,0,0,0,0,0,0,0,0,0,0,0,0,0,0,0,0,0,0,0,0.074,0,0,0,0,0,0.1563,0,0,0,0,0,0,0,0,0,0,0,0,0,0,0
d__Bacteria|p__Actinomycetota|c__Actinomycetes|o__Actinomycetales|f__Micrococcaceae|g__Rothia|s__Rothia mucilaginosa_C|t__GCF_019334805.1,0,0,0,0,0,0,0,0,0,0,0,0,0,0,0,0,0,0,0,0,0,0,0,0,0,0,0,0,0,0,0,0,0,0,0,0,0,0,0,0,0,0,0,0,0,0,0,0,0,0,0,0,0,0,0,0,0,0,0,0,0.074,0,0,0,0,0,0.1563,0,0,0,0,0,0,0,0,0,0,0,0,0,0,0
d__Bacteria|p__Actinomycetota|c__Actinomycetes|o__Actinomycetales|f__Micrococcaceae|g__Rothia|s__Rothia mucilaginosa|t__GCF_000175615.1,0,0,0,0,0,0,0,0,0,0,0,0,0,0,0,0,0,0,0,0,0,0,0,0,0,0,0,0,0,0,0,0,0,0,0.0466,0,0,0,0,0,0,0,0,0,0,0,0,0,0,0,0,0,0,0,0,0,0,0,0,0,0,0,0,0,0.0505,0,0,0,0,0,0,0,0,0,0,0,0,0,0,0,0,0
d__Bacteria|p__Actinomycetota|c__Actinomycetes|o__Actinomycetales|f__Micrococcaceae|g__Rothia|s__Rothia sp902373285,0,0,0,0,0,0,0,0,0,0,0,0,0,0,0,0,0,0,0,0,0,0,0,0,0,0,0,0,0,0,0,0,0,0,0,0,0,0,0,0,0,0,0,0,0,0,0,0,0,0,0,0,0,0,0,0,0,0,0,0,0,0,0,0,0.02,0,0,0,0,0,0,0,0,0,0,0,0,0,0,0,0,0
d__Bacteria|p__Actinomycetota|c__Actinomycetes|o__Actinomycetales|f__Micrococcaceae|g__Rothia|s__Rothia sp902373285|t__GCF_901875305.1,0,0,0,0,0,0,0,0,0,0,0,0,0,0,0,0,0,0,0,0,0,0,0,0,0,0,0,0,0,0,0,0,0,0,0,0,0,0,0,0,0,0,0,0,0,0,0,0,0,0,0,0,0,0,0,0,0,0,0,0,0,0,0,0,0.02,0,0,0,0,0,0,0,0,0,0,0,0,0,0,0,0,0
d__Bacteria|p__Actinomycetota|c__Actinomycetes|o__Actinomycetales|f__Micrococcaceae|g__Rothia|s__Rothia sp916715725,0,0,0,0,0,0,0,0,0,0,0,0,0,0,0,0,0,0,0,0,0,0,0,0,0,0,0,0,0,0,0,0,0,0,0,0,0,0,0,0,0,0,0,0,0,0,0,0,0,0,0,0,0,0,0,0,0,0,0,0,0,0,0,0,0.0394,0,0,0,0,0,0,0,0,0,0,0,0,0,0,0,0,0
d__Bacteria|p__Actinomycetota|c__Actinomycetes|o__Actinomycetales|f__Micrococcaceae|g__Rothia|s__Rothia sp916715725|t__GCF_916715725.1,0,0,0,0,0,0,0,0,0,0,0,0,0,0,0,0,0,0,0,0,0,0,0,0,0,0,0,0,0,0,0,0,0,0,0,0,0,0,0,0,0,0,0,0,0,0,0,0,0,0,0,0,0,0,0,0,0,0,0,0,0,0,0,0,0.0394,0,0,0,0,0,0,0,0,0,0,0,0,0,0,0,0,0
d__Bacteria|p__Actinomycetota|c__Actinomycetes|o__Mycobacteriales,100,100,100,100,100,100,100,100,100,100,100,100,100,100,100,100,100,100,100,100,100,100,100,100,100,100,100,100,100,100,100,100,100,99.9651,99.6774,99.9573,100,100,100,100,100,100,100,100,100,100,100,100,100,100,100,96.4678,100,100,99.9287,100,100,100,100,100,99.8123,100,100,100,98.7462,100,97.4225,99.834,100,100,100,100,100,100,99.6509,100,100,100,99.8773,0,0,90
d__Bacteria|p__Actinomycetota|c__Actinomycetes|o__Mycobacteriales|f__Mycobacteriaceae,100,100,100,100,100,100,100,100,100,100,100,100,100,100,100,100,100,100,100,100,100,100,100,100,100,100,100,100,100,100,100,100,100,99.9651,99.6774,99.9573,100,100,100,100,100,100,100,100,100,100,100,100,100,100,100,96.4678,100,100,99.9287,100,100,100,100,100,99.8123,100,100,100,98.7462,100,97.4225,99.834,100,100,100,100,100,100,99.6509,100,100,100,99.8773,0,0,90
d__Bacteria|p__Actinomycetota|c__Actinomycetes|o__Mycobacteriales|f__Mycobacteriaceae|g__Mycobacterium,100,100,100,100,100,100,100,100,100,100,100,100,100,100,100,100,100,100,100,100,100,100,100,100,100,100,100,100,100,100,100,100,100,99.9651,99.6774,99.9573,100,100,100,100,100,100,100,100,100,100,100,100,100,100,100,96.4678,100,100,99.9287,100,100,100,100,100,99.8123,100,100,100,98.7462,100,97.4225,99.834,100,100,100,100,100,100,99.6509,100,100,100,99.8773,0,0,90
d__Bacteria|p__Actinomycetota|c__Actinomycetes|o__Mycobacteriales|f__Mycobacteriaceae|g__Mycobacterium|s__Mycobacterium abscessus,0,0,0,0,0,0,0,0,0,0,0,0,0,0,0,0,0,0,0,0,0,0,0,0,0,0,0,0,0,0,0,0,0,0,0,0,0,0,0,0,0,0,0,0,0,0,0,0,0,0,0,89.3445,0,0,0,0,0,0,0,0,0,0,0,0,0,0,0,0,0,0,0,0,0,0,0,0,0,0,0,0,0,0
d__Bacteria|p__Actinomycetota|c__Actinomycetes|o__Mycobacteriales|f__Mycobacteriaceae|g__Mycobacterium|s__Mycobacterium abscessus|t__GCF_000069185.1,0,0,0,0,0,0,0,0,0,0,0,0,0,0,0,0,0,0,0,0,0,0,0,0,0,0,0,0,0,0,0,0,0,0,0,0,0,0,0,0,0,0,0,0,0,0,0,0,0,0,0,89.3445,0,0,0,0,0,0,0,0,0,0,0,0,0,0,0,0,0,0,0,0,0,0,0,0,0,0,0,0,0,0
d__Bacteria|p__Actinomycetota|c__Actinomycetes|o__Mycobacteriales|f__Mycobacteriaceae|g__Mycobacterium|s__Mycobacterium gordonae,0,0,0,0,0,0,0,0,0,0,0,0,0,0,0,0,0,0,0,0,0,0,0,0,0,0,0,0,0,0,0,0,0,0,0,0,0,0,0,0,0,0,0,0,0,0,0,0,0,0,0,0,0,0,0,0,0,0,0,0,0,0,0,0,0,0,0,0,0,0,0,0,0,0,0,0,100,0,0,0,0,0
d__Bacteria|p__Actinomycetota|c__Actinomycetes|o__Mycobacteriales|f__Mycobacteriaceae|g__Mycobacterium|s__Mycobacterium gordonae|t__GCF_002101675.1,0,0,0,0,0,0,0,0,0,0,0,0,0,0,0,0,0,0,0,0,0,0,0,0,0,0,0,0,0,0,0,0,0,0,0,0,0,0,0,0,0,0,0,0,0,0,0,0,0,0,0,0,0,0,0,0,0,0,0,0,0,0,0,0,0,0,0,0,0,0,0,0,0,0,0,0,100,0,0,0,0,0
d__Bacteria|p__Actinomycetota|c__Actinomycetes|o__Mycobacteriales|f__Mycobacteriaceae|g__Mycobacterium|s__Mycobacterium tuberculosis,100,100,100,100,100,100,100,100,100,100,100,100,100,100,100,100,100,100,100,100,100,100,100,100,100,100,100,100,100,100,100,100,100,99.9651,99.6774,99.9573,100,100,100,100,100,100,100,100,100,100,100,100,100,100,100,7.1233,100,100,99.9287,100,100,100,100,100,99.8123,100,100,100,98.7462,100,97.4225,99.834,100,100,100,100,100,100,99.6509,100,0,100,99.8773,0,0,90
d__Bacteria|p__Actinomycetota|c__Actinomycetes|o__Mycobacteriales|f__Mycobacteriaceae|g__Mycobacterium|s__Mycobacterium tuberculosis|t__GCF_000195955.2,100,100,100,100,100,100,100,100,100,100,100,100,100,100,100,100,100,100,100,100,100,100,100,100,100,100,100,100,100,100,100,100,100,99.9651,99.6774,99.9573,100,100,100,100,100,100,100,100,100,100,100,100,100,100,100,7.1233,100,100,99.9287,100,100,100,100,100,99.8123,100,100,100,98.7462,100,97.4225,99.834,100,100,100,100,100,100,99.6509,100,0,100,99.8773,0,0,90
d__Bacteria|p__Actinomycetota|c__Coriobacteriia,0,0,0,0,0,0,0,0,0,0,0,0,0,0,0,0,0,0,0,0,0,0,0,0,0,0,0,0,0,0,0,0,0,0,0,0,0,0,0,0,0,0,0,0,0,0,0,0,0,0,0,0,0,0,0,0,0,0,0,0,0,0,0,0,0,0,0.067,0,0,0,0,0,0,0,0,0,0,0,0,0,0,0
d__Bacteria|p__Actinomycetota|c__Coriobacteriia|o__Coriobacteriales,0,0,0,0,0,0,0,0,0,0,0,0,0,0,0,0,0,0,0,0,0,0,0,0,0,0,0,0,0,0,0,0,0,0,0,0,0,0,0,0,0,0,0,0,0,0,0,0,0,0,0,0,0,0,0,0,0,0,0,0,0,0,0,0,0,0,0.067,0,0,0,0,0,0,0,0,0,0,0,0,0,0,0
d__Bacteria|p__Actinomycetota|c__Coriobacteriia|o__Coriobacteriales|f__Atopobiaceae,0,0,0,0,0,0,0,0,0,0,0,0,0,0,0,0,0,0,0,0,0,0,0,0,0,0,0,0,0,0,0,0,0,0,0,0,0,0,0,0,0,0,0,0,0,0,0,0,0,0,0,0,0,0,0,0,0,0,0,0,0,0,0,0,0,0,0.067,0,0,0,0,0,0,0,0,0,0,0,0,0,0,0
d__Bacteria|p__Actinomycetota|c__Coriobacteriia|o__Coriobacteriales|f__Atopobiaceae|g__Lancefieldella,0,0,0,0,0,0,0,0,0,0,0,0,0,0,0,0,0,0,0,0,0,0,0,0,0,0,0,0,0,0,0,0,0,0,0,0,0,0,0,0,0,0,0,0,0,0,0,0,0,0,0,0,0,0,0,0,0,0,0,0,0,0,0,0,0,0,0.067,0,0,0,0,0,0,0,0,0,0,0,0,0,0,0
d__Bacteria|p__Actinomycetota|c__Coriobacteriia|o__Coriobacteriales|f__Atopobiaceae|g__Lancefieldella|s__Lancefieldella sp938041635,0,0,0,0,0,0,0,0,0,0,0,0,0,0,0,0,0,0,0,0,0,0,0,0,0,0,0,0,0,0,0,0,0,0,0,0,0,0,0,0,0,0,0,0,0,0,0,0,0,0,0,0,0,0,0,0,0,0,0,0,0,0,0,0,0,0,0.067,0,0,0,0,0,0,0,0,0,0,0,0,0,0,0
d__Bacteria|p__Actinomycetota|c__Coriobacteriia|o__Coriobacteriales|f__Atopobiaceae|g__Lancefieldella|s__Lancefieldella sp938041635|t__GCA_938041635.1,0,0,0,0,0,0,0,0,0,0,0,0,0,0,0,0,0,0,0,0,0,0,0,0,0,0,0,0,0,0,0,0,0,0,0,0,0,0,0,0,0,0,0,0,0,0,0,0,0,0,0,0,0,0,0,0,0,0,0,0,0,0,0,0,0,0,0.067,0,0,0,0,0,0,0,0,0,0,0,0,0,0,0
d__Bacteria|p__Bacillota,0,0,0,0,0,0,0,0,0,0,0,0,0,0,0,0,0,0,0,0,0,0,0,0,0,0,0,0,0,0,0,0,0,0.0349,0.1217,0,0,0,0,0,0,0,0,0,0,0,0,0,0,0,0,0,0,0,0.0713,0,0,0,0,0,0.1136,0,0,0,0.9631,0,1.348,0.069,0,0,0,0,0,0,0.0591,0,0,0,0,0,0,0
d__Bacteria|p__Bacillota_A,0,0,0,0,0,0,0,0,0,0,0,0,0,0,0,0,0,0,0,0,0,0,0,0,0,0,0,0,0,0,0,0,0,0,0.0241,0,0,0,0,0,0,0,0,0,0,0,0,0,0,0,0,0,0,0,0,0,0,0,0,0,0,0,0,0,0.1021,0,0.6367,0,0,0,0,0,0,0,0,0,0,0,0.0854,0,0,0
d__Bacteria|p__Bacillota_A|c__Clostridia,0,0,0,0,0,0,0,0,0,0,0,0,0,0,0,0,0,0,0,0,0,0,0,0,0,0,0,0,0,0,0,0,0,0,0.0241,0,0,0,0,0,0,0,0,0,0,0,0,0,0,0,0,0,0,0,0,0,0,0,0,0,0,0,0,0,0.1021,0,0.6367,0,0,0,0,0,0,0,0,0,0,0,0.0854,0,0,0
d__Bacteria|p__Bacillota_A|c__Clostridia|o__Peptostreptococcales,0,0,0,0,0,0,0,0,0,0,0,0,0,0,0,0,0,0,0,0,0,0,0,0,0,0,0,0,0,0,0,0,0,0,0.0241,0,0,0,0,0,0,0,0,0,0,0,0,0,0,0,0,0,0,0,0,0,0,0,0,0,0,0,0,0,0.069,0,0.1182,0,0,0,0,0,0,0,0,0,0,0,0.0375,0,0,0
d__Bacteria|p__Bacillota_A|c__Clostridia|o__Peptostreptococcales|f__Anaerovoracaceae,0,0,0,0,0,0,0,0,0,0,0,0,0,0,0,0,0,0,0,0,0,0,0,0,0,0,0,0,0,0,0,0,0,0,0.0241,0,0,0,0,0,0,0,0,0,0,0,0,0,0,0,0,0,0,0,0,0,0,0,0,0,0,0,0,0,0.042,0,0,0,0,0,0,0,0,0,0,0,0,0,0,0,0,0
d__Bacteria|p__Bacillota_A|c__Clostridia|o__Peptostreptococcales|f__Anaerovoracaceae|g__Mogibacterium,0,0,0,0,0,0,0,0,0,0,0,0,0,0,0,0,0,0,0,0,0,0,0,0,0,0,0,0,0,0,0,0,0,0,0.0241,0,0,0,0,0,0,0,0,0,0,0,0,0,0,0,0,0,0,0,0,0,0,0,0,0,0,0,0,0,0.042,0,0,0,0,0,0,0,0,0,0,0,0,0,0,0,0,0
d__Bacteria|p__Bacillota_A|c__Clostridia|o__Peptostreptococcales|f__Anaerovoracaceae|g__Mogibacterium|s__Mogibacterium diversum,0,0,0,0,0,0,0,0,0,0,0,0,0,0,0,0,0,0,0,0,0,0,0,0,0,0,0,0,0,0,0,0,0,0,0,0,0,0,0,0,0,0,0,0,0,0,0,0,0,0,0,0,0,0,0,0,0,0,0,0,0,0,0,0,0.042,0,0,0,0,0,0,0,0,0,0,0,0,0,0,0,0,0
d__Bacteria|p__Bacillota_A|c__Clostridia|o__Peptostreptococcales|f__Anaerovoracaceae|g__Mogibacterium|s__Mogibacterium diversum|t__GCF_002998925.1,0,0,0,0,0,0,0,0,0,0,0,0,0,0,0,0,0,0,0,0,0,0,0,0,0,0,0,0,0,0,0,0,0,0,0,0,0,0,0,0,0,0,0,0,0,0,0,0,0,0,0,0,0,0,0,0,0,0,0,0,0,0,0,0,0.042,0,0,0,0,0,0,0,0,0,0,0,0,0,0,0,0,0
d__Bacteria|p__Bacillota_A|c__Clostridia|o__Peptostreptococcales|f__Anaerovoracaceae|g__Mogibacterium|s__Mogibacterium sp938041965,0,0,0,0,0,0,0,0,0,0,0,0,0,0,0,0,0,0,0,0,0,0,0,0,0,0,0,0,0,0,0,0,0,0,0.0241,0,0,0,0,0,0,0,0,0,0,0,0,0,0,0,0,0,0,0,0,0,0,0,0,0,0,0,0,0,0,0,0,0,0,0,0,0,0,0,0,0,0,0,0,0,0,0
d__Bacteria|p__Bacillota_A|c__Clostridia|o__Peptostreptococcales|f__Anaerovoracaceae|g__Mogibacterium|s__Mogibacterium sp938041965|t__GCF_938041965.1,0,0,0,0,0,0,0,0,0,0,0,0,0,0,0,0,0,0,0,0,0,0,0,0,0,0,0,0,0,0,0,0,0,0,0.0241,0,0,0,0,0,0,0,0,0,0,0,0,0,0,0,0,0,0,0,0,0,0,0,0,0,0,0,0,0,0,0,0,0,0,0,0,0,0,0,0,0,0,0,0,0,0,0
d__Bacteria|p__Bacillota_A|c__Clostridia|o__Peptostreptococcales|f__Peptostreptococcaceae,0,0,0,0,0,0,0,0,0,0,0,0,0,0,0,0,0,0,0,0,0,0,0,0,0,0,0,0,0,0,0,0,0,0,0,0,0,0,0,0,0,0,0,0,0,0,0,0,0,0,0,0,0,0,0,0,0,0,0,0,0,0,0,0,0.027,0,0.1182,0,0,0,0,0,0,0,0,0,0,0,0.0375,0,0,0
d__Bacteria|p__Bacillota_A|c__Clostridia|o__Peptostreptococcales|f__Peptostreptococcaceae|g__Peptostreptococcus,0,0,0,0,0,0,0,0,0,0,0,0,0,0,0,0,0,0,0,0,0,0,0,0,0,0,0,0,0,0,0,0,0,0,0,0,0,0,0,0,0,0,0,0,0,0,0,0,0,0,0,0,0,0,0,0,0,0,0,0,0,0,0,0,0.027,0,0.1182,0,0,0,0,0,0,0,0,0,0,0,0.0375,0,0,0
d__Bacteria|p__Bacillota_A|c__Clostridia|o__Peptostreptococcales|f__Peptostreptococcaceae|g__Peptostreptococcus|s__Peptostreptococcus sp900759325,0,0,0,0,0,0,0,0,0,0,0,0,0,0,0,0,0,0,0,0,0,0,0,0,0,0,0,0,0,0,0,0,0,0,0,0,0,0,0,0,0,0,0,0,0,0,0,0,0,0,0,0,0,0,0,0,0,0,0,0,0,0,0,0,0.027,0,0,0,0,0,0,0,0,0,0,0,0,0,0,0,0,0
d__Bacteria|p__Bacillota_A|c__Clostridia|o__Peptostreptococcales|f__Peptostreptococcaceae|g__Peptostreptococcus|s__Peptostreptococcus sp900759325|t__GCF_900759325.1,0,0,0,0,0,0,0,0,0,0,0,0,0,0,0,0,0,0,0,0,0,0,0,0,0,0,0,0,0,0,0,0,0,0,0,0,0,0,0,0,0,0,0,0,0,0,0,0,0,0,0,0,0,0,0,0,0,0,0,0,0,0,0,0,0.027,0,0,0,0,0,0,0,0,0,0,0,0,0,0,0,0,0
d__Bacteria|p__Bacillota_A|c__Clostridia|o__Peptostreptococcales|f__Peptostreptococcaceae|g__Peptostreptococcus|s__Peptostreptococcus stomatis,0,0,0,0,0,0,0,0,0,0,0,0,0,0,0,0,0,0,0,0,0,0,0,0,0,0,0,0,0,0,0,0,0,0,0,0,0,0,0,0,0,0,0,0,0,0,0,0,0,0,0,0,0,0,0,0,0,0,0,0,0,0,0,0,0,0,0.1182,0,0,0,0,0,0,0,0,0,0,0,0.0375,0,0,0
d__Bacteria|p__Bacillota_A|c__Clostridia|o__Peptostreptococcales|f__Peptostreptococcaceae|g__Peptostreptococcus|s__Peptostreptococcus stomatis|t__GCF_000147675.1,0,0,0,0,0,0,0,0,0,0,0,0,0,0,0,0,0,0,0,0,0,0,0,0,0,0,0,0,0,0,0,0,0,0,0,0,0,0,0,0,0,0,0,0,0,0,0,0,0,0,0,0,0,0,0,0,0,0,0,0,0,0,0,0,0,0,0.1182,0,0,0,0,0,0,0,0,0,0,0,0.0375,0,0,0
d__Bacteria|p__Bacillota_A|c__Clostridia|o__Tissierellales,0,0,0,0,0,0,0,0,0,0,0,0,0,0,0,0,0,0,0,0,0,0,0,0,0,0,0,0,0,0,0,0,0,0,0,0,0,0,0,0,0,0,0,0,0,0,0,0,0,0,0,0,0,0,0,0,0,0,0,0,0,0,0,0,0.0331,0,0.5185,0,0,0,0,0,0,0,0,0,0,0,0.0479,0,0,0
d__Bacteria|p__Bacillota_A|c__Clostridia|o__Tissierellales|f__Peptoniphilaceae,0,0,0,0,0,0,0,0,0,0,0,0,0,0,0,0,0,0,0,0,0,0,0,0,0,0,0,0,0,0,0,0,0,0,0,0,0,0,0,0,0,0,0,0,0,0,0,0,0,0,0,0,0,0,0,0,0,0,0,0,0,0,0,0,0.0331,0,0.5185,0,0,0,0,0,0,0,0,0,0,0,0.0479,0,0,0
d__Bacteria|p__Bacillota_A|c__Clostridia|o__Tissierellales|f__Peptoniphilaceae|g__Parvimonas,0,0,0,0,0,0,0,0,0,0,0,0,0,0,0,0,0,0,0,0,0,0,0,0,0,0,0,0,0,0,0,0,0,0,0,0,0,0,0,0,0,0,0,0,0,0,0,0,0,0,0,0,0,0,0,0,0,0,0,0,0,0,0,0,0.0331,0,0.5185,0,0,0,0,0,0,0,0,0,0,0,0.0479,0,0,0
d__Bacteria|p__Bacillota_A|c__Clostridia|o__Tissierellales|f__Peptoniphilaceae|g__Parvimonas|s__Parvimonas micra,0,0,0,0,0,0,0,0,0,0,0,0,0,0,0,0,0,0,0,0,0,0,0,0,0,0,0,0,0,0,0,0,0,0,0,0,0,0,0,0,0,0,0,0,0,0,0,0,0,0,0,0,0,0,0,0,0,0,0,0,0,0,0,0,0.0331,0,0.5185,0,0,0,0,0,0,0,0,0,0,0,0.0323,0,0,0
d__Bacteria|p__Bacillota_A|c__Clostridia|o__Tissierellales|f__Peptoniphilaceae|g__Parvimonas|s__Parvimonas micra|t__GCF_900637905.1,0,0,0,0,0,0,0,0,0,0,0,0,0,0,0,0,0,0,0,0,0,0,0,0,0,0,0,0,0,0,0,0,0,0,0,0,0,0,0,0,0,0,0,0,0,0,0,0,0,0,0,0,0,0,0,0,0,0,0,0,0,0,0,0,0.0331,0,0.5185,0,0,0,0,0,0,0,0,0,0,0,0.0323,0,0,0
d__Bacteria|p__Bacillota_A|c__Clostridia|o__Tissierellales|f__Peptoniphilaceae|g__Parvimonas|s__Parvimonas sp000214475,0,0,0,0,0,0,0,0,0,0,0,0,0,0,0,0,0,0,0,0,0,0,0,0,0,0,0,0,0,0,0,0,0,0,0,0,0,0,0,0,0,0,0,0,0,0,0,0,0,0,0,0,0,0,0,0,0,0,0,0,0,0,0,0,0,0,0,0,0,0,0,0,0,0,0,0,0,0,0.0156,0,0,0
d__Bacteria|p__Bacillota_A|c__Clostridia|o__Tissierellales|f__Peptoniphilaceae|g__Parvimonas|s__Parvimonas sp000214475|t__GCA_000214475.2,0,0,0,0,0,0,0,0,0,0,0,0,0,0,0,0,0,0,0,0,0,0,0,0,0,0,0,0,0,0,0,0,0,0,0,0,0,0,0,0,0,0,0,0,0,0,0,0,0,0,0,0,0,0,0,0,0,0,0,0,0,0,0,0,0,0,0,0,0,0,0,0,0,0,0,0,0,0,0.0156,0,0,0
d__Bacteria|p__Bacillota_I,0,0,0,0,0,0,0,0,0,0,0,0,0,0,0,0,0,0,0,0,0,0,0,0,0,0,0,0,0,0,0,0,0,0,0.0377,0,0,0,0,0,0,0,0,0,0,0,0,0,0,0,0,0,0,0,0,0,0,0,0,0,0,0,0,0,0,0,0,0,0,0,0,0,0,0,0,0,0,0,0,0,0,0
d__Bacteria|p__Bacillota_I|c__Bacilli_A,0,0,0,0,0,0,0,0,0,0,0,0,0,0,0,0,0,0,0,0,0,0,0,0,0,0,0,0,0,0,0,0,0,0,0.0377,0,0,0,0,0,0,0,0,0,0,0,0,0,0,0,0,0,0,0,0,0,0,0,0,0,0,0,0,0,0,0,0,0,0,0,0,0,0,0,0,0,0,0,0,0,0,0
d__Bacteria|p__Bacillota_I|c__Bacilli_A|o__Erysipelotrichales,0,0,0,0,0,0,0,0,0,0,0,0,0,0,0,0,0,0,0,0,0,0,0,0,0,0,0,0,0,0,0,0,0,0,0.0377,0,0,0,0,0,0,0,0,0,0,0,0,0,0,0,0,0,0,0,0,0,0,0,0,0,0,0,0,0,0,0,0,0,0,0,0,0,0,0,0,0,0,0,0,0,0,0
d__Bacteria|p__Bacillota_I|c__Bacilli_A|o__Erysipelotrichales|f__Erysipelotrichaceae,0,0,0,0,0,0,0,0,0,0,0,0,0,0,0,0,0,0,0,0,0,0,0,0,0,0,0,0,0,0,0,0,0,0,0.0377,0,0,0,0,0,0,0,0,0,0,0,0,0,0,0,0,0,0,0,0,0,0,0,0,0,0,0,0,0,0,0,0,0,0,0,0,0,0,0,0,0,0,0,0,0,0,0
d__Bacteria|p__Bacillota_I|c__Bacilli_A|o__Erysipelotrichales|f__Erysipelotrichaceae|g__Bulleidia,0,0,0,0,0,0,0,0,0,0,0,0,0,0,0,0,0,0,0,0,0,0,0,0,0,0,0,0,0,0,0,0,0,0,0.0377,0,0,0,0,0,0,0,0,0,0,0,0,0,0,0,0,0,0,0,0,0,0,0,0,0,0,0,0,0,0,0,0,0,0,0,0,0,0,0,0,0,0,0,0,0,0,0
d__Bacteria|p__Bacillota_I|c__Bacilli_A|o__Erysipelotrichales|f__Erysipelotrichaceae|g__Bulleidia|s__Bulleidia sp927911475,0,0,0,0,0,0,0,0,0,0,0,0,0,0,0,0,0,0,0,0,0,0,0,0,0,0,0,0,0,0,0,0,0,0,0.0377,0,0,0,0,0,0,0,0,0,0,0,0,0,0,0,0,0,0,0,0,0,0,0,0,0,0,0,0,0,0,0,0,0,0,0,0,0,0,0,0,0,0,0,0,0,0,0
d__Bacteria|p__Bacillota_I|c__Bacilli_A|o__Erysipelotrichales|f__Erysipelotrichaceae|g__Bulleidia|s__Bulleidia sp927911475|t__GCA_927911475.1,0,0,0,0,0,0,0,0,0,0,0,0,0,0,0,0,0,0,0,0,0,0,0,0,0,0,0,0,0,0,0,0,0,0,0.0377,0,0,0,0,0,0,0,0,0,0,0,0,0,0,0,0,0,0,0,0,0,0,0,0,0,0,0,0,0,0,0,0,0,0,0,0,0,0,0,0,0,0,0,0,0,0,0
d__Bacteria|p__Bacillota|c__Bacilli,0,0,0,0,0,0,0,0,0,0,0,0,0,0,0,0,0,0,0,0,0,0,0,0,0,0,0,0,0,0,0,0,0,0.0349,0.1217,0,0,0,0,0,0,0,0,0,0,0,0,0,0,0,0,0,0,0,0.0713,0,0,0,0,0,0.1136,0,0,0,0.9631,0,1.348,0.069,0,0,0,0,0,0,0.0591,0,0,0,0,0,0,0
d__Bacteria|p__Bacillota|c__Bacilli|o__Lactobacillales,0,0,0,0,0,0,0,0,0,0,0,0,0,0,0,0,0,0,0,0,0,0,0,0,0,0,0,0,0,0,0,0,0,0.0349,0.1217,0,0,0,0,0,0,0,0,0,0,0,0,0,0,0,0,0,0,0,0.0713,0,0,0,0,0,0.1136,0,0,0,0.9367,0,1.2342,0.069,0,0,0,0,0,0,0.0591,0,0,0,0,0,0,0
d__Bacteria|p__Bacillota|c__Bacilli|o__Lactobacillales|f__Aerococcaceae,0,0,0,0,0,0,0,0,0,0,0,0,0,0,0,0,0,0,0,0,0,0,0,0,0,0,0,0,0,0,0,0,0,0,0,0,0,0,0,0,0,0,0,0,0,0,0,0,0,0,0,0,0,0,0,0,0,0,0,0,0,0,0,0,0.021,0,0.039,0,0,0,0,0,0,0,0,0,0,0,0,0,0,0
d__Bacteria|p__Bacillota|c__Bacilli|o__Lactobacillales|f__Aerococcaceae|g__Granulicatella,0,0,0,0,0,0,0,0,0,0,0,0,0,0,0,0,0,0,0,0,0,0,0,0,0,0,0,0,0,0,0,0,0,0,0,0,0,0,0,0,0,0,0,0,0,0,0,0,0,0,0,0,0,0,0,0,0,0,0,0,0,0,0,0,0.021,0,0.039,0,0,0,0,0,0,0,0,0,0,0,0,0,0,0
d__Bacteria|p__Bacillota|c__Bacilli|o__Lactobacillales|f__Aerococcaceae|g__Granulicatella|s__Granulicatella sp001071995,0,0,0,0,0,0,0,0,0,0,0,0,0,0,0,0,0,0,0,0,0,0,0,0,0,0,0,0,0,0,0,0,0,0,0,0,0,0,0,0,0,0,0,0,0,0,0,0,0,0,0,0,0,0,0,0,0,0,0,0,0,0,0,0,0.021,0,0,0,0,0,0,0,0,0,0,0,0,0,0,0,0,0
d__Bacteria|p__Bacillota|c__Bacilli|o__Lactobacillales|f__Aerococcaceae|g__Granulicatella|s__Granulicatella sp001071995|t__GCF_001071995.1,0,0,0,0,0,0,0,0,0,0,0,0,0,0,0,0,0,0,0,0,0,0,0,0,0,0,0,0,0,0,0,0,0,0,0,0,0,0,0,0,0,0,0,0,0,0,0,0,0,0,0,0,0,0,0,0,0,0,0,0,0,0,0,0,0.021,0,0,0,0,0,0,0,0,0,0,0,0,0,0,0,0,0
d__Bacteria|p__Bacillota|c__Bacilli|o__Lactobacillales|f__Aerococcaceae|g__Granulicatella|s__Granulicatella sp916049935,0,0,0,0,0,0,0,0,0,0,0,0,0,0,0,0,0,0,0,0,0,0,0,0,0,0,0,0,0,0,0,0,0,0,0,0,0,0,0,0,0,0,0,0,0,0,0,0,0,0,0,0,0,0,0,0,0,0,0,0,0,0,0,0,0,0,0.039,0,0,0,0,0,0,0,0,0,0,0,0,0,0,0
d__Bacteria|p__Bacillota|c__Bacilli|o__Lactobacillales|f__Aerococcaceae|g__Granulicatella|s__Granulicatella sp916049935|t__GCA_916049935.1,0,0,0,0,0,0,0,0,0,0,0,0,0,0,0,0,0,0,0,0,0,0,0,0,0,0,0,0,0,0,0,0,0,0,0,0,0,0,0,0,0,0,0,0,0,0,0,0,0,0,0,0,0,0,0,0,0,0,0,0,0,0,0,0,0,0,0.039,0,0,0,0,0,0,0,0,0,0,0,0,0,0,0
d__Bacteria|p__Bacillota|c__Bacilli|o__Lactobacillales|f__Streptococcaceae,0,0,0,0,0,0,0,0,0,0,0,0,0,0,0,0,0,0,0,0,0,0,0,0,0,0,0,0,0,0,0,0,0,0.0349,0.1217,0,0,0,0,0,0,0,0,0,0,0,0,0,0,0,0,0,0,0,0.0713,0,0,0,0,0,0.1136,0,0,0,0.9157,0,1.1952,0.069,0,0,0,0,0,0,0.0591,0,0,0,0,0,0,0
d__Bacteria|p__Bacillota|c__Bacilli|o__Lactobacillales|f__Streptococcaceae|g__Streptococcus,0,0,0,0,0,0,0,0,0,0,0,0,0,0,0,0,0,0,0,0,0,0,0,0,0,0,0,0,0,0,0,0,0,0.0349,0.1217,0,0,0,0,0,0,0,0,0,0,0,0,0,0,0,0,0,0,0,0.0713,0,0,0,0,0,0.1136,0,0,0,0.9157,0,1.1952,0.069,0,0,0,0,0,0,0.0591,0,0,0,0,0,0,0
d__Bacteria|p__Bacillota|c__Bacilli|o__Lactobacillales|f__Streptococcaceae|g__Streptococcus|s__Streptococcus infantis_B,0,0,0,0,0,0,0,0,0,0,0,0,0,0,0,0,0,0,0,0,0,0,0,0,0,0,0,0,0,0,0,0,0,0,0,0,0,0,0,0,0,0,0,0,0,0,0,0,0,0,0,0,0,0,0,0,0,0,0,0,0,0,0,0,0,0,0.2252,0,0,0,0,0,0,0,0,0,0,0,0,0,0,0
d__Bacteria|p__Bacillota|c__Bacilli|o__Lactobacillales|f__Streptococcaceae|g__Streptococcus|s__Streptococcus infantis_B|t__GCF_021497965.1,0,0,0,0,0,0,0,0,0,0,0,0,0,0,0,0,0,0,0,0,0,0,0,0,0,0,0,0,0,0,0,0,0,0,0,0,0,0,0,0,0,0,0,0,0,0,0,0,0,0,0,0,0,0,0,0,0,0,0,0,0,0,0,0,0,0,0.2252,0,0,0,0,0,0,0,0,0,0,0,0,0,0,0
d__Bacteria|p__Bacillota|c__Bacilli|o__Lactobacillales|f__Streptococcaceae|g__Streptococcus|s__Streptococcus infantis_I,0,0,0,0,0,0,0,0,0,0,0,0,0,0,0,0,0,0,0,0,0,0,0,0,0,0,0,0,0,0,0,0,0,0,0,0,0,0,0,0,0,0,0,0,0,0,0,0,0,0,0,0,0,0,0,0,0,0,0,0,0,0,0,0,0,0,0,0,0,0,0,0,0,0,0.0235,0,0,0,0,0,0,0
d__Bacteria|p__Bacillota|c__Bacilli|o__Lactobacillales|f__Streptococcaceae|g__Streptococcus|s__Streptococcus infantis_I|t__GCF_000279535.1,0,0,0,0,0,0,0,0,0,0,0,0,0,0,0,0,0,0,0,0,0,0,0,0,0,0,0,0,0,0,0,0,0,0,0,0,0,0,0,0,0,0,0,0,0,0,0,0,0,0,0,0,0,0,0,0,0,0,0,0,0,0,0,0,0,0,0,0,0,0,0,0,0,0,0.0235,0,0,0,0,0,0,0
d__Bacteria|p__Bacillota|c__Bacilli|o__Lactobacillales|f__Streptococcaceae|g__Streptococcus|s__Streptococcus mitis_AQ,0,0,0,0,0,0,0,0,0,0,0,0,0,0,0,0,0,0,0,0,0,0,0,0,0,0,0,0,0,0,0,0,0,0,0,0,0,0,0,0,0,0,0,0,0,0,0,0,0,0,0,0,0,0,0,0,0,0,0,0,0,0,0,0,0.3037,0,0,0,0,0,0,0,0,0,0,0,0,0,0,0,0,0
d__Bacteria|p__Bacillota|c__Bacilli|o__Lactobacillales|f__Streptococcaceae|g__Streptococcus|s__Streptococcus mitis_AQ|t__GCF_000722765.2,0,0,0,0,0,0,0,0,0,0,0,0,0,0,0,0,0,0,0,0,0,0,0,0,0,0,0,0,0,0,0,0,0,0,0,0,0,0,0,0,0,0,0,0,0,0,0,0,0,0,0,0,0,0,0,0,0,0,0,0,0,0,0,0,0.3037,0,0,0,0,0,0,0,0,0,0,0,0,0,0,0,0,0
d__Bacteria|p__Bacillota|c__Bacilli|o__Lactobacillales|f__Streptococcaceae|g__Streptococcus|s__Streptococcus mitis_BG,0,0,0,0,0,0,0,0,0,0,0,0,0,0,0,0,0,0,0,0,0,0,0,0,0,0,0,0,0,0,0,0,0,0,0.0408,0,0,0,0,0,0,0,0,0,0,0,0,0,0,0,0,0,0,0,0,0,0,0,0,0,0,0,0,0,0,0,0,0,0,0,0,0,0,0,0,0,0,0,0,0,0,0
d__Bacteria|p__Bacillota|c__Bacilli|o__Lactobacillales|f__Streptococcaceae|g__Streptococcus|s__Streptococcus mitis_BG|t__GCF_902159415.1,0,0,0,0,0,0,0,0,0,0,0,0,0,0,0,0,0,0,0,0,0,0,0,0,0,0,0,0,0,0,0,0,0,0,0.0408,0,0,0,0,0,0,0,0,0,0,0,0,0,0,0,0,0,0,0,0,0,0,0,0,0,0,0,0,0,0,0,0,0,0,0,0,0,0,0,0,0,0,0,0,0,0,0
d__Bacteria|p__Bacillota|c__Bacilli|o__Lactobacillales|f__Streptococcaceae|g__Streptococcus|s__Streptococcus mitis_CD,0,0,0,0,0,0,0,0,0,0,0,0,0,0,0,0,0,0,0,0,0,0,0,0,0,0,0,0,0,0,0,0,0,0,0,0,0,0,0,0,0,0,0,0,0,0,0,0,0,0,0,0,0,0,0.0713,0,0,0,0,0,0,0,0,0,0,0,0,0,0,0,0,0,0,0,0,0,0,0,0,0,0,0
d__Bacteria|p__Bacillota|c__Bacilli|o__Lactobacillales|f__Streptococcaceae|g__Streptococcus|s__Streptococcus mitis_CD|t__GCF_003942685.1,0,0,0,0,0,0,0,0,0,0,0,0,0,0,0,0,0,0,0,0,0,0,0,0,0,0,0,0,0,0,0,0,0,0,0,0,0,0,0,0,0,0,0,0,0,0,0,0,0,0,0,0,0,0,0.0713,0,0,0,0,0,0,0,0,0,0,0,0,0,0,0,0,0,0,0,0,0,0,0,0,0,0,0
d__Bacteria|p__Bacillota|c__Bacilli|o__Lactobacillales|f__Streptococcaceae|g__Streptococcus|s__Streptococcus mitis_P,0,0,0,0,0,0,0,0,0,0,0,0,0,0,0,0,0,0,0,0,0,0,0,0,0,0,0,0,0,0,0,0,0,0,0,0,0,0,0,0,0,0,0,0,0,0,0,0,0,0,0,0,0,0,0,0,0,0,0,0,0,0,0,0,0.3151,0,0,0,0,0,0,0,0,0,0,0,0,0,0,0,0,0
d__Bacteria|p__Bacillota|c__Bacilli|o__Lactobacillales|f__Streptococcaceae|g__Streptococcus|s__Streptococcus mitis_P|t__GCF_000722705.1,0,0,0,0,0,0,0,0,0,0,0,0,0,0,0,0,0,0,0,0,0,0,0,0,0,0,0,0,0,0,0,0,0,0,0,0,0,0,0,0,0,0,0,0,0,0,0,0,0,0,0,0,0,0,0,0,0,0,0,0,0,0,0,0,0.3151,0,0,0,0,0,0,0,0,0,0,0,0,0,0,0,0,0
d__Bacteria|p__Bacillota|c__Bacilli|o__Lactobacillales|f__Streptococcaceae|g__Streptococcus|s__Streptococcus oralis_Z,0,0,0,0,0,0,0,0,0,0,0,0,0,0,0,0,0,0,0,0,0,0,0,0,0,0,0,0,0,0,0,0,0,0,0,0,0,0,0,0,0,0,0,0,0,0,0,0,0,0,0,0,0,0,0,0,0,0,0,0,0.0555,0,0,0,0,0,0,0,0,0,0,0,0,0,0,0,0,0,0,0,0,0
d__Bacteria|p__Bacillota|c__Bacilli|o__Lactobacillales|f__Streptococcaceae|g__Streptococcus|s__Streptococcus oralis_Z|t__GCF_002096335.1,0,0,0,0,0,0,0,0,0,0,0,0,0,0,0,0,0,0,0,0,0,0,0,0,0,0,0,0,0,0,0,0,0,0,0,0,0,0,0,0,0,0,0,0,0,0,0,0,0,0,0,0,0,0,0,0,0,0,0,0,0.0555,0,0,0,0,0,0,0,0,0,0,0,0,0,0,0,0,0,0,0,0,0
d__Bacteria|p__Bacillota|c__Bacilli|o__Lactobacillales|f__Streptococcaceae|g__Streptococcus|s__Streptococcus parasanguinis_B,0,0,0,0,0,0,0,0,0,0,0,0,0,0,0,0,0,0,0,0,0,0,0,0,0,0,0,0,0,0,0,0,0,0,0,0,0,0,0,0,0,0,0,0,0,0,0,0,0,0,0,0,0,0,0,0,0,0,0,0,0,0,0,0,0,0,0.1608,0,0,0,0,0,0,0,0,0,0,0,0,0,0,0
d__Bacteria|p__Bacillota|c__Bacilli|o__Lactobacillales|f__Streptococcaceae|g__Streptococcus|s__Streptococcus parasanguinis_B|t__GCF_000963275.1,0,0,0,0,0,0,0,0,0,0,0,0,0,0,0,0,0,0,0,0,0,0,0,0,0,0,0,0,0,0,0,0,0,0,0,0,0,0,0,0,0,0,0,0,0,0,0,0,0,0,0,0,0,0,0,0,0,0,0,0,0,0,0,0,0,0,0.1608,0,0,0,0,0,0,0,0,0,0,0,0,0,0,0
d__Bacteria|p__Bacillota|c__Bacilli|o__Lactobacillales|f__Streptococcaceae|g__Streptococcus|s__Streptococcus parasanguinis_F,0,0,0,0,0,0,0,0,0,0,0,0,0,0,0,0,0,0,0,0,0,0,0,0,0,0,0,0,0,0,0,0,0,0,0,0,0,0,0,0,0,0,0,0,0,0,0,0,0,0,0,0,0,0,0,0,0,0,0,0,0,0,0,0,0,0,0.2027,0,0,0,0,0,0,0,0,0,0,0,0,0,0,0
d__Bacteria|p__Bacillota|c__Bacilli|o__Lactobacillales|f__Streptococcaceae|g__Streptococcus|s__Streptococcus parasanguinis_F|t__GCF_009717815.1,0,0,0,0,0,0,0,0,0,0,0,0,0,0,0,0,0,0,0,0,0,0,0,0,0,0,0,0,0,0,0,0,0,0,0,0,0,0,0,0,0,0,0,0,0,0,0,0,0,0,0,0,0,0,0,0,0,0,0,0,0,0,0,0,0,0,0.2027,0,0,0,0,0,0,0,0,0,0,0,0,0,0,0
d__Bacteria|p__Bacillota|c__Bacilli|o__Lactobacillales|f__Streptococcaceae|g__Streptococcus|s__Streptococcus parasanguinis_G,0,0,0,0,0,0,0,0,0,0,0,0,0,0,0,0,0,0,0,0,0,0,0,0,0,0,0,0,0,0,0,0,0,0,0,0,0,0,0,0,0,0,0,0,0,0,0,0,0,0,0,0,0,0,0,0,0,0,0,0,0,0,0,0,0,0,0,0.0143,0,0,0,0,0,0,0,0,0,0,0,0,0,0
d__Bacteria|p__Bacillota|c__Bacilli|o__Lactobacillales|f__Streptococcaceae|g__Streptococcus|s__Streptococcus parasanguinis_G|t__GCA_018365265.1,0,0,0,0,0,0,0,0,0,0,0,0,0,0,0,0,0,0,0,0,0,0,0,0,0,0,0,0,0,0,0,0,0,0,0,0,0,0,0,0,0,0,0,0,0,0,0,0,0,0,0,0,0,0,0,0,0,0,0,0,0,0,0,0,0,0,0,0.0143,0,0,0,0,0,0,0,0,0,0,0,0,0,0
d__Bacteria|p__Bacillota|c__Bacilli|o__Lactobacillales|f__Streptococcaceae|g__Streptococcus|s__Streptococcus parasanguinis_L,0,0,0,0,0,0,0,0,0,0,0,0,0,0,0,0,0,0,0,0,0,0,0,0,0,0,0,0,0,0,0,0,0,0,0,0,0,0,0,0,0,0,0,0,0,0,0,0,0,0,0,0,0,0,0,0,0,0,0,0,0,0,0,0,0,0,0,0,0,0,0,0,0,0,0.0356,0,0,0,0,0,0,0
d__Bacteria|p__Bacillota|c__Bacilli|o__Lactobacillales|f__Streptococcaceae|g__Streptococcus|s__Streptococcus parasanguinis_L|t__GCF_016648855.1,0,0,0,0,0,0,0,0,0,0,0,0,0,0,0,0,0,0,0,0,0,0,0,0,0,0,0,0,0,0,0,0,0,0,0,0,0,0,0,0,0,0,0,0,0,0,0,0,0,0,0,0,0,0,0,0,0,0,0,0,0,0,0,0,0,0,0,0,0,0,0,0,0,0,0.0356,0,0,0,0,0,0,0
d__Bacteria|p__Bacillota|c__Bacilli|o__Lactobacillales|f__Streptococcaceae|g__Streptococcus|s__Streptococcus peroris,0,0,0,0,0,0,0,0,0,0,0,0,0,0,0,0,0,0,0,0,0,0,0,0,0,0,0,0,0,0,0,0,0,0,0,0,0,0,0,0,0,0,0,0,0,0,0,0,0,0,0,0,0,0,0,0,0,0,0,0,0,0,0,0,0.058,0,0,0,0,0,0,0,0,0,0,0,0,0,0,0,0,0
d__Bacteria|p__Bacillota|c__Bacilli|o__Lactobacillales|f__Streptococcaceae|g__Streptococcus|s__Streptococcus peroris|t__GCF_000187585.1,0,0,0,0,0,0,0,0,0,0,0,0,0,0,0,0,0,0,0,0,0,0,0,0,0,0,0,0,0,0,0,0,0,0,0,0,0,0,0,0,0,0,0,0,0,0,0,0,0,0,0,0,0,0,0,0,0,0,0,0,0,0,0,0,0.058,0,0,0,0,0,0,0,0,0,0,0,0,0,0,0,0,0
d__Bacteria|p__Bacillota|c__Bacilli|o__Lactobacillales|f__Streptococcaceae|g__Streptococcus|s__Streptococcus salivarius,0,0,0,0,0,0,0,0,0,0,0,0,0,0,0,0,0,0,0,0,0,0,0,0,0,0,0,0,0,0,0,0,0,0,0,0,0,0,0,0,0,0,0,0,0,0,0,0,0,0,0,0,0,0,0,0,0,0,0,0,0,0,0,0,0,0,0.1208,0,0,0,0,0,0,0,0,0,0,0,0,0,0,0
d__Bacteria|p__Bacillota|c__Bacilli|o__Lactobacillales|f__Streptococcaceae|g__Streptococcus|s__Streptococcus salivarius_D,0,0,0,0,0,0,0,0,0,0,0,0,0,0,0,0,0,0,0,0,0,0,0,0,0,0,0,0,0,0,0,0,0,0,0,0,0,0,0,0,0,0,0,0,0,0,0,0,0,0,0,0,0,0,0,0,0,0,0,0,0,0,0,0,0,0,0.1276,0,0,0,0,0,0,0,0,0,0,0,0,0,0,0
d__Bacteria|p__Bacillota|c__Bacilli|o__Lactobacillales|f__Streptococcaceae|g__Streptococcus|s__Streptococcus salivarius_D|t__GCF_002094975.1,0,0,0,0,0,0,0,0,0,0,0,0,0,0,0,0,0,0,0,0,0,0,0,0,0,0,0,0,0,0,0,0,0,0,0,0,0,0,0,0,0,0,0,0,0,0,0,0,0,0,0,0,0,0,0,0,0,0,0,0,0,0,0,0,0,0,0.1276,0,0,0,0,0,0,0,0,0,0,0,0,0,0,0
d__Bacteria|p__Bacillota|c__Bacilli|o__Lactobacillales|f__Streptococcaceae|g__Streptococcus|s__Streptococcus salivarius|t__GCF_000785515.1,0,0,0,0,0,0,0,0,0,0,0,0,0,0,0,0,0,0,0,0,0,0,0,0,0,0,0,0,0,0,0,0,0,0,0,0,0,0,0,0,0,0,0,0,0,0,0,0,0,0,0,0,0,0,0,0,0,0,0,0,0,0,0,0,0,0,0.1208,0,0,0,0,0,0,0,0,0,0,0,0,0,0,0
d__Bacteria|p__Bacillota|c__Bacilli|o__Lactobacillales|f__Streptococcaceae|g__Streptococcus|s__Streptococcus sp000187445,0,0,0,0,0,0,0,0,0,0,0,0,0,0,0,0,0,0,0,0,0,0,0,0,0,0,0,0,0,0,0,0,0,0,0,0,0,0,0,0,0,0,0,0,0,0,0,0,0,0,0,0,0,0,0,0,0,0,0,0,0,0,0,0,0,0,0,0.0547,0,0,0,0,0,0,0,0,0,0,0,0,0,0
d__Bacteria|p__Bacillota|c__Bacilli|o__Lactobacillales|f__Streptococcaceae|g__Streptococcus|s__Streptococcus sp000187445|t__GCA_010604095.1,0,0,0,0,0,0,0,0,0,0,0,0,0,0,0,0,0,0,0,0,0,0,0,0,0,0,0,0,0,0,0,0,0,0,0,0,0,0,0,0,0,0,0,0,0,0,0,0,0,0,0,0,0,0,0,0,0,0,0,0,0,0,0,0,0,0,0,0.0547,0,0,0,0,0,0,0,0,0,0,0,0,0,0
d__Bacteria|p__Bacillota|c__Bacilli|o__Lactobacillales|f__Streptococcaceae|g__Streptococcus|s__Streptococcus sp001808705,0,0,0,0,0,0,0,0,0,0,0,0,0,0,0,0,0,0,0,0,0,0,0,0,0,0,0,0,0,0,0,0,0,0,0,0,0,0,0,0,0,0,0,0,0,0,0,0,0,0,0,0,0,0,0,0,0,0,0,0,0,0,0,0,0.0536,0,0,0,0,0,0,0,0,0,0,0,0,0,0,0,0,0
d__Bacteria|p__Bacillota|c__Bacilli|o__Lactobacillales|f__Streptococcaceae|g__Streptococcus|s__Streptococcus sp001808705|t__GCF_001808705.1,0,0,0,0,0,0,0,0,0,0,0,0,0,0,0,0,0,0,0,0,0,0,0,0,0,0,0,0,0,0,0,0,0,0,0,0,0,0,0,0,0,0,0,0,0,0,0,0,0,0,0,0,0,0,0,0,0,0,0,0,0,0,0,0,0.0536,0,0,0,0,0,0,0,0,0,0,0,0,0,0,0,0,0
d__Bacteria|p__Bacillota|c__Bacilli|o__Lactobacillales|f__Streptococcaceae|g__Streptococcus|s__Streptococcus sp013276795,0,0,0,0,0,0,0,0,0,0,0,0,0,0,0,0,0,0,0,0,0,0,0,0,0,0,0,0,0,0,0,0,0,0,0,0,0,0,0,0,0,0,0,0,0,0,0,0,0,0,0,0,0,0,0,0,0,0,0,0,0,0,0,0,0,0,0.3581,0,0,0,0,0,0,0,0,0,0,0,0,0,0,0
d__Bacteria|p__Bacillota|c__Bacilli|o__Lactobacillales|f__Streptococcaceae|g__Streptococcus|s__Streptococcus sp013276795|t__GCF_013276795.1,0,0,0,0,0,0,0,0,0,0,0,0,0,0,0,0,0,0,0,0,0,0,0,0,0,0,0,0,0,0,0,0,0,0,0,0,0,0,0,0,0,0,0,0,0,0,0,0,0,0,0,0,0,0,0,0,0,0,0,0,0,0,0,0,0,0,0.3581,0,0,0,0,0,0,0,0,0,0,0,0,0,0,0
d__Bacteria|p__Bacillota|c__Bacilli|o__Lactobacillales|f__Streptococcaceae|g__Streptococcus|s__Streptococcus sp902482895,0,0,0,0,0,0,0,0,0,0,0,0,0,0,0,0,0,0,0,0,0,0,0,0,0,0,0,0,0,0,0,0,0,0,0.0358,0,0,0,0,0,0,0,0,0,0,0,0,0,0,0,0,0,0,0,0,0,0,0,0,0,0,0,0,0,0,0,0,0,0,0,0,0,0,0,0,0,0,0,0,0,0,0
d__Bacteria|p__Bacillota|c__Bacilli|o__Lactobacillales|f__Streptococcaceae|g__Streptococcus|s__Streptococcus sp902482895|t__GCA_902482895.1,0,0,0,0,0,0,0,0,0,0,0,0,0,0,0,0,0,0,0,0,0,0,0,0,0,0,0,0,0,0,0,0,0,0,0.0358,0,0,0,0,0,0,0,0,0,0,0,0,0,0,0,0,0,0,0,0,0,0,0,0,0,0,0,0,0,0,0,0,0,0,0,0,0,0,0,0,0,0,0,0,0,0,0
d__Bacteria|p__Bacillota|c__Bacilli|o__Lactobacillales|f__Streptococcaceae|g__Streptococcus|s__Streptococcus sp916048145,0,0,0,0,0,0,0,0,0,0,0,0,0,0,0,0,0,0,0,0,0,0,0,0,0,0,0,0,0,0,0,0,0,0,0,0,0,0,0,0,0,0,0,0,0,0,0,0,0,0,0,0,0,0,0,0,0,0,0,0,0,0,0,0,0.1853,0,0,0,0,0,0,0,0,0,0,0,0,0,0,0,0,0
d__Bacteria|p__Bacillota|c__Bacilli|o__Lactobacillales|f__Streptococcaceae|g__Streptococcus|s__Streptococcus sp916048145|t__GCF_946190045.1,0,0,0,0,0,0,0,0,0,0,0,0,0,0,0,0,0,0,0,0,0,0,0,0,0,0,0,0,0,0,0,0,0,0,0,0,0,0,0,0,0,0,0,0,0,0,0,0,0,0,0,0,0,0,0,0,0,0,0,0,0,0,0,0,0.1853,0,0,0,0,0,0,0,0,0,0,0,0,0,0,0,0,0
d__Bacteria|p__Bacillota|c__Bacilli|o__Lactobacillales|f__Streptococcaceae|g__Streptococcus|s__Streptococcus sp943914425,0,0,0,0,0,0,0,0,0,0,0,0,0,0,0,0,0,0,0,0,0,0,0,0,0,0,0,0,0,0,0,0,0,0,0,0,0,0,0,0,0,0,0,0,0,0,0,0,0,0,0,0,0,0,0,0,0,0,0,0,0.0581,0,0,0,0,0,0,0,0,0,0,0,0,0,0,0,0,0,0,0,0,0
d__Bacteria|p__Bacillota|c__Bacilli|o__Lactobacillales|f__Streptococcaceae|g__Streptococcus|s__Streptococcus sp943914425|t__GCA_943914425.1,0,0,0,0,0,0,0,0,0,0,0,0,0,0,0,0,0,0,0,0,0,0,0,0,0,0,0,0,0,0,0,0,0,0,0,0,0,0,0,0,0,0,0,0,0,0,0,0,0,0,0,0,0,0,0,0,0,0,0,0,0.0581,0,0,0,0,0,0,0,0,0,0,0,0,0,0,0,0,0,0,0,0,0
d__Bacteria|p__Bacillota|c__Bacilli|o__Lactobacillales|f__Streptococcaceae|g__Streptococcus|s__Streptococcus sp947253175,0,0,0,0,0,0,0,0,0,0,0,0,0,0,0,0,0,0,0,0,0,0,0,0,0,0,0,0,0,0,0,0,0,0,0.0451,0,0,0,0,0,0,0,0,0,0,0,0,0,0,0,0,0,0,0,0,0,0,0,0,0,0,0,0,0,0,0,0,0,0,0,0,0,0,0,0,0,0,0,0,0,0,0
d__Bacteria|p__Bacillota|c__Bacilli|o__Lactobacillales|f__Streptococcaceae|g__Streptococcus|s__Streptococcus sp947253175|t__GCA_947253175.1,0,0,0,0,0,0,0,0,0,0,0,0,0,0,0,0,0,0,0,0,0,0,0,0,0,0,0,0,0,0,0,0,0,0,0.0451,0,0,0,0,0,0,0,0,0,0,0,0,0,0,0,0,0,0,0,0,0,0,0,0,0,0,0,0,0,0,0,0,0,0,0,0,0,0,0,0,0,0,0,0,0,0,0
d__Bacteria|p__Bacillota|c__Bacilli|o__Lactobacillales|f__Streptococcaceae|g__Streptococcus|s__Streptococcus thermophilus,0,0,0,0,0,0,0,0,0,0,0,0,0,0,0,0,0,0,0,0,0,0,0,0,0,0,0,0,0,0,0,0,0,0.0349,0,0,0,0,0,0,0,0,0,0,0,0,0,0,0,0,0,0,0,0,0,0,0,0,0,0,0,0,0,0,0,0,0,0,0,0,0,0,0,0,0,0,0,0,0,0,0,0
d__Bacteria|p__Bacillota|c__Bacilli|o__Lactobacillales|f__Streptococcaceae|g__Streptococcus|s__Streptococcus thermophilus|t__GCF_010120595.1,0,0,0,0,0,0,0,0,0,0,0,0,0,0,0,0,0,0,0,0,0,0,0,0,0,0,0,0,0,0,0,0,0,0.0349,0,0,0,0,0,0,0,0,0,0,0,0,0,0,0,0,0,0,0,0,0,0,0,0,0,0,0,0,0,0,0,0,0,0,0,0,0,0,0,0,0,0,0,0,0,0,0,0
d__Bacteria|p__Bacillota|c__Bacilli|o__Staphylococcales,0,0,0,0,0,0,0,0,0,0,0,0,0,0,0,0,0,0,0,0,0,0,0,0,0,0,0,0,0,0,0,0,0,0,0,0,0,0,0,0,0,0,0,0,0,0,0,0,0,0,0,0,0,0,0,0,0,0,0,0,0,0,0,0,0.0264,0,0.1138,0,0,0,0,0,0,0,0,0,0,0,0,0,0,0
d__Bacteria|p__Bacillota|c__Bacilli|o__Staphylococcales|f__Gemellaceae,0,0,0,0,0,0,0,0,0,0,0,0,0,0,0,0,0,0,0,0,0,0,0,0,0,0,0,0,0,0,0,0,0,0,0,0,0,0,0,0,0,0,0,0,0,0,0,0,0,0,0,0,0,0,0,0,0,0,0,0,0,0,0,0,0.0264,0,0.1138,0,0,0,0,0,0,0,0,0,0,0,0,0,0,0
d__Bacteria|p__Bacillota|c__Bacilli|o__Staphylococcales|f__Gemellaceae|g__Gemella,0,0,0,0,0,0,0,0,0,0,0,0,0,0,0,0,0,0,0,0,0,0,0,0,0,0,0,0,0,0,0,0,0,0,0,0,0,0,0,0,0,0,0,0,0,0,0,0,0,0,0,0,0,0,0,0,0,0,0,0,0,0,0,0,0.0264,0,0.1138,0,0,0,0,0,0,0,0,0,0,0,0,0,0,0
d__Bacteria|p__Bacillota|c__Bacilli|o__Staphylococcales|f__Gemellaceae|g__Gemella|s__Gemella morbillorum,0,0,0,0,0,0,0,0,0,0,0,0,0,0,0,0,0,0,0,0,0,0,0,0,0,0,0,0,0,0,0,0,0,0,0,0,0,0,0,0,0,0,0,0,0,0,0,0,0,0,0,0,0,0,0,0,0,0,0,0,0,0,0,0,0,0,0.1138,0,0,0,0,0,0,0,0,0,0,0,0,0,0,0
d__Bacteria|p__Bacillota|c__Bacilli|o__Staphylococcales|f__Gemellaceae|g__Gemella|s__Gemella morbillorum|t__GCF_900476045.1,0,0,0,0,0,0,0,0,0,0,0,0,0,0,0,0,0,0,0,0,0,0,0,0,0,0,0,0,0,0,0,0,0,0,0,0,0,0,0,0,0,0,0,0,0,0,0,0,0,0,0,0,0,0,0,0,0,0,0,0,0,0,0,0,0,0,0.1138,0,0,0,0,0,0,0,0,0,0,0,0,0,0,0
d__Bacteria|p__Bacillota|c__Bacilli|o__Staphylococcales|f__Gemellaceae|g__Gemella|s__Gemella sanguinis,0,0,0,0,0,0,0,0,0,0,0,0,0,0,0,0,0,0,0,0,0,0,0,0,0,0,0,0,0,0,0,0,0,0,0,0,0,0,0,0,0,0,0,0,0,0,0,0,0,0,0,0,0,0,0,0,0,0,0,0,0,0,0,0,0.0264,0,0,0,0,0,0,0,0,0,0,0,0,0,0,0,0,0
d__Bacteria|p__Bacillota|c__Bacilli|o__Staphylococcales|f__Gemellaceae|g__Gemella|s__Gemella sanguinis|t__GCF_000701685.1,0,0,0,0,0,0,0,0,0,0,0,0,0,0,0,0,0,0,0,0,0,0,0,0,0,0,0,0,0,0,0,0,0,0,0,0,0,0,0,0,0,0,0,0,0,0,0,0,0,0,0,0,0,0,0,0,0,0,0,0,0,0,0,0,0.0264,0,0,0,0,0,0,0,0,0,0,0,0,0,0,0,0,0
r__Duplodnaviria,0,0,0,0,0,0,0,0,0,0,0,0,0,0,0,0,0,0,0,0,0,0,0,0,0,0,0,0,0,0,0,0,0,0,0,0,0,0,0,0,0,0,0,0,0,0,0,0,0,0,0,3.5322,0,0,0,0,0,0,0,0,0,0,0,0,0,0,0,0,0,0,0,0,0,0,0,0,0,0,0,0,0,0
r__Duplodnaviria|k__Heunggongvirae,0,0,0,0,0,0,0,0,0,0,0,0,0,0,0,0,0,0,0,0,0,0,0,0,0,0,0,0,0,0,0,0,0,0,0,0,0,0,0,0,0,0,0,0,0,0,0,0,0,0,0,3.5322,0,0,0,0,0,0,0,0,0,0,0,0,0,0,0,0,0,0,0,0,0,0,0,0,0,0,0,0,0,0
r__Duplodnaviria|k__Heunggongvirae|p__Uroviricota,0,0,0,0,0,0,0,0,0,0,0,0,0,0,0,0,0,0,0,0,0,0,0,0,0,0,0,0,0,0,0,0,0,0,0,0,0,0,0,0,0,0,0,0,0,0,0,0,0,0,0,3.5322,0,0,0,0,0,0,0,0,0,0,0,0,0,0,0,0,0,0,0,0,0,0,0,0,0,0,0,0,0,0
r__Duplodnaviria|k__Heunggongvirae|p__Uroviricota|c__Caudoviricetes,0,0,0,0,0,0,0,0,0,0,0,0,0,0,0,0,0,0,0,0,0,0,0,0,0,0,0,0,0,0,0,0,0,0,0,0,0,0,0,0,0,0,0,0,0,0,0,0,0,0,0,3.5322,0,0,0,0,0,0,0,0,0,0,0,0,0,0,0,0,0,0,0,0,0,0,0,0,0,0,0,0,0,0
r__Duplodnaviria|k__Heunggongvirae|p__Uroviricota|c__Caudoviricetes|,0,0,0,0,0,0,0,0,0,0,0,0,0,0,0,0,0,0,0,0,0,0,0,0,0,0,0,0,0,0,0,0,0,0,0,0,0,0,0,0,0,0,0,0,0,0,0,0,0,0,0,3.5322,0,0,0,0,0,0,0,0,0,0,0,0,0,0,0,0,0,0,0,0,0,0,0,0,0,0,0,0,0,0
r__Duplodnaviria|k__Heunggongvirae|p__Uroviricota|c__Caudoviricetes||,0,0,0,0,0,0,0,0,0,0,0,0,0,0,0,0,0,0,0,0,0,0,0,0,0,0,0,0,0,0,0,0,0,0,0,0,0,0,0,0,0,0,0,0,0,0,0,0,0,0,0,3.5322,0,0,0,0,0,0,0,0,0,0,0,0,0,0,0,0,0,0,0,0,0,0,0,0,0,0,0,0,0,0
r__Duplodnaviria|k__Heunggongvirae|p__Uroviricota|c__Caudoviricetes|||,0,0,0,0,0,0,0,0,0,0,0,0,0,0,0,0,0,0,0,0,0,0,0,0,0,0,0,0,0,0,0,0,0,0,0,0,0,0,0,0,0,0,0,0,0,0,0,0,0,0,0,3.5322,0,0,0,0,0,0,0,0,0,0,0,0,0,0,0,0,0,0,0,0,0,0,0,0,0,0,0,0,0,0
r__Duplodnaviria|k__Heunggongvirae|p__Uroviricota|c__Caudoviricetes||||,0,0,0,0,0,0,0,0,0,0,0,0,0,0,0,0,0,0,0,0,0,0,0,0,0,0,0,0,0,0,0,0,0,0,0,0,0,0,0,0,0,0,0,0,0,0,0,0,0,0,0,3.5322,0,0,0,0,0,0,0,0,0,0,0,0,0,0,0,0,0,0,0,0,0,0,0,0,0,0,0,0,0,0
r__Duplodnaviria|k__Heunggongvirae|p__Uroviricota|c__Caudoviricetes|||||t__IMGVR_UViG_2721755544_000001,0,0,0,0,0,0,0,0,0,0,0,0,0,0,0,0,0,0,0,0,0,0,0,0,0,0,0,0,0,0,0,0,0,0,0,0,0,0,0,0,0,0,0,0,0,0,0,0,0,0,0,0.8538,0,0,0,0,0,0,0,0,0,0,0,0,0,0,0,0,0,0,0,0,0,0,0,0,0,0,0,0,0,0
r__Duplodnaviria|k__Heunggongvirae|p__Uroviricota|c__Caudoviricetes|||||t__IMGVR_UViG_2795385519_000001,0,0,0,0,0,0,0,0,0,0,0,0,0,0,0,0,0,0,0,0,0,0,0,0,0,0,0,0,0,0,0,0,0,0,0,0,0,0,0,0,0,0,0,0,0,0,0,0,0,0,0,0.6039,0,0,0,0,0,0,0,0,0,0,0,0,0,0,0,0,0,0,0,0,0,0,0,0,0,0,0,0,0,0
r__Duplodnaviria|k__Heunggongvirae|p__Uroviricota|c__Caudoviricetes|||||t__IMGVR_UViG_2795385874_000002,0,0,0,0,0,0,0,0,0,0,0,0,0,0,0,0,0,0,0,0,0,0,0,0,0,0,0,0,0,0,0,0,0,0,0,0,0,0,0,0,0,0,0,0,0,0,0,0,0,0,0,1.3496,0,0,0,0,0,0,0,0,0,0,0,0,0,0,0,0,0,0,0,0,0,0,0,0,0,0,0,0,0,0
r__Duplodnaviria|k__Heunggongvirae|p__Uroviricota|c__Caudoviricetes|||||t__IMGVR_UViG_2802429127_000001,0,0,0,0,0,0,0,0,0,0,0,0,0,0,0,0,0,0,0,0,0,0,0,0,0,0,0,0,0,0,0,0,0,0,0,0,0,0,0,0,0,0,0,0,0,0,0,0,0,0,0,0.7249,0,0,0,0,0,0,0,0,0,0,0,0,0,0,0,0,0,0,0,0,0,0,0,0,0,0,0,0,0,0