#DRT_type;DRT;rifampicin;isoniazid;ethambutol;pyrazinamide;moxifloxacin;levofloxacin;bedaquiline;delamanid;pretomanid;linezolid;streptomycin;amikacin;kanamycin;capreomycin;clofazimine;ethionamide;para.aminosalicylic_acid;cycloserine;description
DRT_type;DRT;RIF;INH;EMB;PZA;MFX;LFX;BDQ;DLM;Pa;LZD;STM;AMK;KAN;CAP;CFZ;ETO;PAC;CYR;description
MDR TB;MDR;"!= ""S""";"!= ""S""";"== ""S""";"== ""S""";"== ""S""";"== ""S""";"== ""S""";"== ""S""";"== ""S""";"== ""S""";"== ""S""";"== ""S""";"== ""S""";"== ""S""";"== ""S""";"== ""S""";"== ""S""";"== ""S""";MDR (Isoniazid and rifampin resistance)
MDR TB;MDR (+ETO);"!= ""S""";"!= ""S""";"== ""S""";"== ""S""";"== ""S""";"== ""S""";"== ""S""";"== ""S""";"== ""S""";"== ""S""";"== ""S""";"== ""S""";"== ""S""";"== ""S""";"== ""S""";"!= ""S""";"== ""S""";"== ""S""";MDR + ethionamide resistance
MDR TB;MDR (+EMB);"!= ""S""";"!= ""S""";"!= ""S""";"== ""S""";"== ""S""";"== ""S""";"== ""S""";"== ""S""";"== ""S""";"== ""S""";"== ""S""";"== ""S""";"== ""S""";"== ""S""";"== ""S""";"== ""S""";"== ""S""";"== ""S""";MDR + ethambutol
MDR TB;MDR (+PZA+ETO);"!= ""S""";"!= ""S""";" == ""S""";"!= ""S""";" == ""S""";" == ""S""";" == ""S""";" == ""S""";" == ""S""";" == ""S""";" == ""S""";" == ""S""";" == ""S""";" == ""S""";" == ""S""";"!= ""S""";" == ""S""";" == ""S""";MDR + pyrazinamide and ethlonamide resistance
MDR TB;MDR (+PZA);"!= ""S""";"!= ""S""";" == ""S""";"!= ""S""";" == ""S""";" == ""S""";" == ""S""";" == ""S""";" == ""S""";" == ""S""";" == ""S""";" == ""S""";" == ""S""";" == ""S""";" == ""S""";" == ""S""";" == ""S""";" == ""S""";MDR + pyrazinamide resistance
MDR TB;MDR (+EMB+STM);"!= ""S""";"!= ""S""";"!= ""S""";" == ""S""";" == ""S""";" == ""S""";" == ""S""";" == ""S""";" == ""S""";" == ""S""";" == ""S""";" == ""S""";" == ""S""";" == ""S""";" == ""S""";" == ""S""";" == ""S""";" == ""S""";MDR + ethambutol and streptomycin resistance
MDR TB;MDR (+EMB+PZA+STM);"!= ""S""";"!= ""S""";"!= ""S""";" == ""S""";" == ""S""";" == ""S""";" == ""S""";" == ""S""";" == ""S""";" == ""S""";" == ""S""";" == ""S""";" == ""S""";" == ""S""";" == ""S""";" == ""S""";" == ""S""";" == ""S""";MDR + ethambutol, pyrazinamide and streptomycin resistance
MDR TB;MDR (+PZA+STM);"!= ""S""";"!= ""S""";" == ""S""";"!= ""S""";" == ""S""";" == ""S""";" == ""S""";" == ""S""";" == ""S""";" == ""S""";"!= ""S""";" == ""S""";" == ""S""";" == ""S""";" == ""S""";" == ""S""";" == ""S""";" == ""S""";MDR + pyrazinamide, and streptomycin resistance
MDR TB;MDR (+EMB+PZA);"!= ""S""";"!= ""S""";"!= ""S""";"!= ""S""";" == ""S""";" == ""S""";" == ""S""";" == ""S""";" == ""S""";" == ""S""";" == ""S""";" == ""S""";" == ""S""";" == ""S""";" == ""S""";" == ""S""";" == ""S""";" == ""S""";MDR + ethambutol, and pyrazinamide
MDR TB;MDR (+EMB+PZA+STM+ETO);"!= ""S""";"!= ""S""";"!= ""S""";"!= ""S""";" == ""S""";" == ""S""";" == ""S""";" == ""S""";" == ""S""";" == ""S""";"!= ""S""";" == ""S""";" == ""S""";" == ""S""";" == ""S""";"!= ""S""";" == ""S""";" == ""S""";MDR + ethambutol, pyrazinamide, streptomycin, and ethambutol
Mono-DR TB;Mono-DR (MFX);"== ""S""";"== ""S""";"== ""S""";"== ""S""";"!= ""S""";"== ""S""";"== ""S""";"== ""S""";"== ""S""";"== ""S""";"== ""S""";"== ""S""";"== ""S""";"== ""S""";"== ""S""";"== ""S""";"== ""S""";"== ""S""";moxifloxacin resistance
Mono-DR TB;Mono-DR (LFX);"== ""S""";"== ""S""";"== ""S""";"== ""S""";"== ""S""";"!= ""S""";"== ""S""";"== ""S""";"== ""S""";"== ""S""";"== ""S""";"== ""S""";"== ""S""";"== ""S""";"== ""S""";"== ""S""";"== ""S""";"== ""S""";levofloxacin resistance
Mono-DR TB;Mono-DR (INH);"== ""S""";"!= ""S""";"== ""S""";"== ""S""";"== ""S""";"== ""S""";"== ""S""";"== ""S""";"== ""S""";"== ""S""";"== ""S""";"== ""S""";"== ""S""";"== ""S""";"== ""S""";"== ""S""";"== ""S""";"== ""S""";Isoniazid resistance
Mono-DR TB;Mono-DR (RIF);"!= ""S""";"== ""S""";"== ""S""";"== ""S""";"== ""S""";"== ""S""";"== ""S""";"== ""S""";"== ""S""";"== ""S""";"== ""S""";"== ""S""";"== ""S""";"== ""S""";"== ""S""";"== ""S""";"== ""S""";"== ""S""";Rifanpicin resistance
Mono-DR TB;Mono-DR (STM);"== ""S""";"== ""S""";"== ""S""";"== ""S""";"== ""S""";"== ""S""";"== ""S""";"== ""S""";"== ""S""";"== ""S""";"!= ""S""";"== ""S""";"== ""S""";"== ""S""";"== ""S""";"== ""S""";"== ""S""";"== ""S""";Streptomycin resistance
Mono-DR TB;Mono-DR (PZA);"== ""S""";"== ""S""";"== ""S""";"!= ""S""";"== ""S""";"== ""S""";"== ""S""";"== ""S""";"== ""S""";"== ""S""";"== ""S""";"== ""S""";"== ""S""";"== ""S""";"== ""S""";"== ""S""";"== ""S""";"== ""S""";Pyrazinamide resistance
Mono-DR TB;Mono-DR (EMB);"== ""S""";"== ""S""";"!= ""S""";"== ""S""";"== ""S""";"== ""S""";"== ""S""";"== ""S""";"== ""S""";"== ""S""";"== ""S""";"== ""S""";"== ""S""";"== ""S""";"== ""S""";"== ""S""";"== ""S""";"== ""S""";Ethambutol resistance
Mono-DR TB;Mono-DR (CAP);"== ""S""";"== ""S""";"== ""S""";"== ""S""";"== ""S""";"== ""S""";"== ""S""";"== ""S""";"== ""S""";"== ""S""";"== ""S""";"== ""S""";"== ""S""";"!= ""S""";"== ""S""";"== ""S""";"== ""S""";"== ""S""";Capreomycin resistance
Mono-DR TB;Mono-DR (ETO);"== ""S""";"== ""S""";"== ""S""";"== ""S""";"== ""S""";"== ""S""";"== ""S""";"== ""S""";"== ""S""";"== ""S""";"== ""S""";"== ""S""";"== ""S""";"== ""S""";"== ""S""";"!= ""S""";"== ""S""";"== ""S""";Ethionamide resistance
Mono-DR TB;Mono-DR (DLM);"== ""S""";"== ""S""";"== ""S""";"== ""S""";"== ""S""";"== ""S""";"== ""S""";"!= ""S""";"== ""S""";"== ""S""";"== ""S""";"== ""S""";"== ""S""";"== ""S""";"== ""S""";"== ""S""";"== ""S""";"== ""S""";Delamanid resistance
Mono-DR TB;Mono-DR (BDQ);"== ""S""";"== ""S""";"== ""S""";"== ""S""";"== ""S""";"== ""S""";"!= ""S""";"== ""S""";"== ""S""";"== ""S""";"== ""S""";"== ""S""";"== ""S""";"== ""S""";"== ""S""";"== ""S""";"== ""S""";"== ""S""";Bedaquiline resistance
Mono-DR TB;Mono-DR (PMD);"== ""S""";"== ""S""";"== ""S""";"== ""S""";"== ""S""";"== ""S""";"== ""S""";"== ""S""";"!= ""S""";"== ""S""";"== ""S""";"== ""S""";"== ""S""";"== ""S""";"== ""S""";"== ""S""";"== ""S""";"== ""S""";Pretomanid resistance
Mono-DR TB;Mono-DR (LZD);"== ""S""";"== ""S""";"== ""S""";"== ""S""";"== ""S""";"== ""S""";"== ""S""";"== ""S""";"== ""S""";"!= ""S""";"== ""S""";"== ""S""";"== ""S""";"== ""S""";"== ""S""";"== ""S""";"== ""S""";"== ""S""";Linezoid resistance
Mono-DR TB;Mono-DR (AMK);"== ""S""";"== ""S""";"== ""S""";"== ""S""";"== ""S""";"== ""S""";"== ""S""";"== ""S""";"== ""S""";"== ""S""";"== ""S""";"!= ""S""";"== ""S""";"== ""S""";"== ""S""";"== ""S""";"== ""S""";"== ""S""";Amikacin resistance
Mono-DR TB;Mono-DR (KAN);"== ""S""";"== ""S""";"== ""S""";"== ""S""";"== ""S""";"== ""S""";"== ""S""";"== ""S""";"== ""S""";"== ""S""";"== ""S""";"== ""S""";"!= ""S""";"== ""S""";"== ""S""";"== ""S""";"== ""S""";"== ""S""";Kanamycin resistance
Mono-DR TB;Mono-DR (CFZ);"== ""S""";"== ""S""";"== ""S""";"== ""S""";"== ""S""";"== ""S""";"== ""S""";"== ""S""";"== ""S""";"== ""S""";"== ""S""";"== ""S""";"== ""S""";"== ""S""";"!= ""S""";"== ""S""";"== ""S""";"== ""S""";Clofazimide resistance
Mono-DR TB;Mono-DR (PAC);"== ""S""";"== ""S""";"== ""S""";"== ""S""";"== ""S""";"== ""S""";"== ""S""";"== ""S""";"== ""S""";"== ""S""";"== ""S""";"== ""S""";"== ""S""";"== ""S""";"== ""S""";"== ""S""";"!= ""S""";"== ""S""";Para-aminosalicylic acid resistance
Mono-DR TB;Mono-DR (CYR);"== ""S""";"== ""S""";"== ""S""";"== ""S""";"== ""S""";"== ""S""";"== ""S""";"== ""S""";"== ""S""";"== ""S""";"== ""S""";"== ""S""";"== ""S""";"== ""S""";"== ""S""";"== ""S""";"== ""S""";"!= ""S""";Cycloserine resistance
Poly-DR TB;Poly-DR (INH+NIM+CAP);"== ""S""";"!= ""S""";"== ""S""";"== ""S""";"== ""S""";"== ""S""";"== ""S""";"(!= ""S"" || == ""S"")";"(!= ""S"" || == ""S"")";"== ""S""";"== ""S""";"== ""S""";"== ""S""";"!= ""S""";"== ""S""";"== ""S""";"== ""S""";"== ""S""";Isoniazid, and a nitroimidazole (DLM, PMD), and CAP resistance
Poly-DR TB;Poly-DR (INH+ETO);"== ""S""";"!= ""S""";"== ""S""";"== ""S""";"== ""S""";"== ""S""";"== ""S""";"== ""S""";"== ""S""";"== ""S""";"== ""S""";"== ""S""";"== ""S""";"== ""S""";"== ""S""";"!= ""S""";"== ""S""";"== ""S""";Isoniazid and ethionamide resistance
Poly-DR TB;Poly-DR (FQ);"== ""S""";"== ""S""";"== ""S""";"== ""S""";"!= ""S""";"!= ""S""";"== ""S""";"== ""S""";"== ""S""";"== ""S""";"== ""S""";"== ""S""";"== ""S""";"== ""S""";"== ""S""";"== ""S""";"== ""S""";"== ""S""";Fluoroquinolone resistance
Poly-DR TB;Poly-DR (STM+PZA+ETO);"== ""S""";"== ""S""";"== ""S""";"!= ""S""";"== ""S""";"== ""S""";"== ""S""";"== ""S""";"== ""S""";"== ""S""";"!= ""S""";"== ""S""";"== ""S""";"== ""S""";"== ""S""";"!= ""S""";"== ""S""";"== ""S""";Streptomycin, pyrazinamide and ethionamide resistance (first-line TB treatment drugs)
Poly-DR TB;Poly-DR (AMK+CAP+KAN);"== ""S""";"== ""S""";"== ""S""";"== ""S""";"== ""S""";"== ""S""";"== ""S""";"== ""S""";"== ""S""";"== ""S""";"== ""S""";"!= ""S""";"!= ""S""";"!= ""S""";"== ""S""";"== ""S""";"== ""S""";"== ""S""";Second-line injectable resistance
Poly-DR TB;Poly-DR (RIF+DLM);"!= ""S""";"== ""S""";"== ""S""";"== ""S""";"== ""S""";"== ""S""";"== ""S""";"!= ""S""";"== ""S""";"== ""S""";"== ""S""";"== ""S""";"== ""S""";"== ""S""";"== ""S""";"== ""S""";"== ""S""";"== ""S""";Rifanpicin and delamanid resistance
Poly-DR TB;Poly-DR (RIF+FQ);"!= ""S""";"== ""S""";"== ""S""";"== ""S""";"(!= ""S"" || == ""S"")";"(!= ""S"" || == ""S"")";"== ""S""";"== ""S""";"== ""S""";"== ""S""";"== ""S""";"== ""S""";"== ""S""";"== ""S""";"== ""S""";"== ""S""";"== ""S""";"== ""S""";Rifanpicin and a fluroquinolones resistance
Poly-DR TB;Poly-DR (NIM);"== ""S""";"== ""S""";"== ""S""";"== ""S""";"== ""S""";"== ""S""";"== ""S""";"!= ""S""";"!= ""S""";"== ""S""";"== ""S""";"== ""S""";"== ""S""";"== ""S""";"== ""S""";"== ""S""";"== ""S""";"== ""S""";Nitroimidazole (delamanid and pretomanid) resistance
Poly-DR TB;Poly-DR (FQ+PZA);"== ""S""";"== ""S""";"== ""S""";"!= ""S""";"(!= ""S"" || == ""S"")";"(!= ""S"" || == ""S"")";"== ""S""";"== ""S""";"== ""S""";"== ""S""";"== ""S""";"== ""S""";"== ""S""";"== ""S""";"== ""S""";"== ""S""";"== ""S""";"== ""S""";A fluoroquinolone and pyrazinamide resistance
Poly-DR TB;Poly-DR (FQ+STM);"== ""S""";"== ""S""";"== ""S""";"== ""S""";"(!= ""S"" || == ""S"")";"(!= ""S"" || == ""S"")";"== ""S""";"== ""S""";"== ""S""";"== ""S""";"!= ""S""";"== ""S""";"== ""S""";"== ""S""";"== ""S""";"== ""S""";"== ""S""";"== ""S""";A fluoroquinolone and streptomycin resistance
Poly-DR TB;Poly-DR (RIF+SLI);"!= ""S""";"== ""S""";"== ""S""";"== ""S""";"== ""S""";"== ""S""";"== ""S""";"== ""S""";"== ""S""";"== ""S""";"== ""S""";"(!= ""S"" || == ""S"")";"(!= ""S"" || == ""S"")";"(!= ""S"" || == ""S"")";"== ""S""";"== ""S""";"== ""S""";"== ""S""";Rifampicin, and a second-line injectable (amikacin).
Poly-DR TB;Poly-DR (INH+SLI);"== ""S""";"!= ""S""";"== ""S""";"== ""S""";"== ""S""";"== ""S""";"== ""S""";"== ""S""";"== ""S""";"== ""S""";"== ""S""";"(!= ""S"" || == ""S"")";"(!= ""S"" || == ""S"")";"(!= ""S"" || == ""S"")";"== ""S""";"== ""S""";"== ""S""";"== ""S""";Isoniazid, and a second-line injectable (amikacin).
Poly-DR TB;Poly-DR (NIM+CAP);"== ""S""";"== ""S""";"== ""S""";"== ""S""";"== ""S""";"== ""S""";"== ""S""";"!= ""S""";"!= ""S""";"== ""S""";"== ""S""";"== ""S""";"== ""S""";"!= ""S""";"== ""S""";"== ""S""";"== ""S""";"== ""S""";Nitroimidazole (DLM, PMD), and CAP resistance
Poly-DR TB;Poly-DR (INH+FQ+ETO);" == ""S""";"!= ""S""";" == ""S""";" == ""S""";"(!= ""S"" || == ""S"")";"(!= ""S"" || == ""S"")";" == ""S""";" == ""S""";" == ""S""";" == ""S""";" == ""S""";" == ""S""";" == ""S""";" == ""S""";" == ""S""";"!= ""S""";" == ""S""";" == ""S""";Isoniazid, a fluroquinolone(s), and ethlonamide resistance
Poly-DR TB;Poly-DR (INH+ETO);" == ""S""";"!= ""S""";" == ""S""";" == ""S""";" == ""S""";" == ""S""";" == ""S""";" == ""S""";" == ""S""";" == ""S""";" == ""S""";" == ""S""";" == ""S""";" == ""S""";" == ""S""";"!= ""S""";" == ""S""";" == ""S""";Isoniazid, and ETO resistance
Poly-DR TB;Poly-DR (INH+FQ);" == ""S""";"!= ""S""";" == ""S""";" == ""S""";"(!= ""S"" || == ""S"")";"(!= ""S"" || == ""S"")";" == ""S""";" == ""S""";" == ""S""";" == ""S""";" == ""S""";" == ""S""";" == ""S""";" == ""S""";" == ""S""";" == ""S""";" == ""S""";" == ""S""";Isoniazid, and a fluroquinolone(s)
Poly-DR TB;Poly-DR (INH+STM);" == ""S""";"!= ""S""";" == ""S""";" == ""S""";" == ""S""";" == ""S""";" == ""S""";" == ""S""";" == ""S""";" == ""S""";"!= ""S""";" == ""S""";" == ""S""";" == ""S""";" == ""S""";" == ""S""";" == ""S""";" == ""S""";Isoniazid, and streptomycin
pre-XDR TB;pre-XDR (RIF+INH+FQ);"!= ""S""";"!= ""S""";;;"(!= ""S"" || == ""S"")";"(!= ""S"" || == ""S"")";;;;;;;;;;;;;MDR + a fluoroquinolone(s)
pre-XDR TB;pre-XDR (RIF+INH+SLI);"!= ""S""";"!= ""S""";;;;;;;;;;"(!= ""S"" || == ""S"")";"(!= ""S"" || == ""S"")";"(!= ""S"" || == ""S"")";;;;;MDR + second-line injectable(s) (AMK, and/or KAN, and/or CAP) 
Sensitive TB;Sensitive;"== ""S""";"== ""S""";"== ""S""";"== ""S""";"== ""S""";"== ""S""";"== ""S""";"== ""S""";"== ""S""";"== ""S""";"== ""S""";"== ""S""";"== ""S""";"== ""S""";"== ""S""";"== ""S""";"== ""S""";"== ""S""";No resistance detected
XDR TB;XDR (RIF+INH+FQ+BDQ);"!= ""S""";"!= ""S""";;;"(!= ""S"" || == ""S"")";"(!= ""S"" || == ""S"")";"!= ""S""";;;;;;;;;;;;MDR + a fluoroquinolone, and bedaquiline
XDR TB ;XDR (RIF+INH+FQ+LZD);"!= ""S""";"!= ""S""";;;"(!= ""S"" || == ""S"")";"(!= ""S"" || == ""S"")";;;;"!= ""S""";;;;;;;;;MDR +  a fluoroquinolone, and linezolid.
XDR TB ;XDR (RIF+INH+MFX+SLI);"!= ""S""";"!= ""S""";;;"!= ""S""";;;;;;;"(!= ""S"" || == ""S"")";"(!= ""S"" || == ""S"")";"(!= ""S"" || == ""S"")";;;;;MDR + a fluoroquinolone (MFX), and second-line injectable(s) (AMK, and/or KAN, and/or CAP) 
XDR TB ;XDR (RIF+INH+LFX+SLI);"!= ""S""";"!= ""S""";;;;"!= ""S""";;;;;;"(!= ""S"" || == ""S"")";"(!= ""S"" || == ""S"")";"(!= ""S"" || == ""S"")";;;;;MDR + a fluoroquinolone (LFX), and a second-line injectable(s) (AMK, and/or KAN, and/or CAP) 
XDR TB ;XDR (RIF+INH+FQs+SLI);"!= ""S""";"!= ""S""";;;"!= ""S""";"!= ""S""";;;;;;"(!= ""S"" || == ""S"")";"(!= ""S"" || == ""S"")";"(!= ""S"" || == ""S"")";;;;;MDR + fluoroquinolones, and a second-line injectable(s) (AMK, and/or KAN, and/or CAP) 